Equipo,Link_Lista_Partidos,Link_Partido_X
Lyon,https://www.google.com/search?cs=1&rlz=1C1ALOY_esCO1035CO1035&sca_esv=4ad496d1768baf99&sxsrf=AHTn8zra-g3LAPaLyjO_WqFLexIz1V5fSQ:1742790158233&q=Olympique+de+Lyon&stick=H4sIAAAAAAAAAONgVuLUz9U3MC43z654xGjCLfDyxz1hKe1Ja05eY1Tl4grOyC93zSvJLKkUEudig7J4pbi5ELp4FrEK-udU5hZkFpamKqSkKvhU5ucBAPQWM0lYAAAA&ved=2ahUKEwiV85-i76GMAxUMfDABHbmDLSkQukt6BAgCEBY#sie=t;/m/03w7kx;2;/m/044hxl;bbbs;hd;;;;2025-05-18T12:00:00Z&wptab=si:APYL9bsdvePlUvFpoma5fMvhOQ6bvXM76DvGLQOhfQo6Zp3kxNoH6BKiFU3NUK-DDCMYUl50O50je6Y_pgRm3IpRsSlYbsKls-YEcu9yYUL2YnmVQ4YudYQ4Y_xxEGvPHR77C-QcPNH5WvlitVIR5ZYdbAZVJmiZsK1To13Q_0mdZYXGr5SfsDO1NtOp88kgYf6twcoGZ2cUUrjh3b8oWBpjVa5abS0BbJyBwZ0KXSvtfjiijwZGLSY%3D,https://www.google.com/search?cs=1&rlz=1C1ALOY_esCO1035CO1035&sca_esv=4ad496d1768baf99&sxsrf=AHTn8zra-g3LAPaLyjO_WqFLexIz1V5fSQ:1742790158233&q=Olympique+de+Lyon&stick=H4sIAAAAAAAAAONgVuLUz9U3MC43z654xGjCLfDyxz1hKe1Ja05eY1Tl4grOyC93zSvJLKkUEudig7J4pbi5ELp4FrEK-udU5hZkFpamKqSkKvhU5ucBAPQWM0lYAAAA&ved=2ahUKEwiV85-i76GMAxUMfDABHbmDLSkQukt6BAgCEBY#sie=m;/g/11w3vp_4dh;2;/m/044hxl;dt;fp;1;;;&wptab=si:APYL9bsdvePlUvFpoma5fMvhOQ6bvXM76DvGLQOhfQo6Zp3kxNoH6BKiFU3NUK-DDCMYUl50O50je6Y_pgRm3IpRsSlYbsKls-YEcu9yYUL2YnmVQ4YudYQ4Y_xxEGvPHR77C-QcPNH5WvlitVIR5ZYdbAZVJmiZsK1To13Q_0mdZYXGr5SfsDO1NtOp88kgYf6twcoGZ2cUUrjh3b8oWBpjVa5abS0BbJyBwZ0KXSvtfjiijwZGLSY%3D
Racing de Estrasburgo,https://www.google.com/search?sca_esv=4ad496d1768baf99&rlz=1C1ALOY_esCO1035CO1035&cs=1&sxsrf=AHTn8zolV7G8aX6c1SUQSHNUlE4RUGOXXQ:1742790043735&q=Racing+Club+de+Estrasburgo&stick=H4sIAAAAAAAAAONgVuLUz9U3MMktsKh4xGjCLfDyxz1hKe1Ja05eY1Tl4grOyC93zSvJLKkUEudig7J4pbi5ELp4FrFKBSUmZ-alKzjnlCYppKQquBaXFCUWJ5UWpecDAA7-TgdhAAAA&ved=2ahUKEwiL-srr7qGMAxXnSTABHVR3B24Qukt6BAgCEBU#sie=t;/m/04mp8x;2;/m/044hxl;bbbs;hd;;;;2025-05-18T12:00:00Z&wptab=si:APYL9bsdvePlUvFpoma5fMvhOQ6bvXM76DvGLQOhfQo6Zp3kxNoH6BKiFU3NUK-DDCMYUl50O50je6Y_pgRm3IpRsSlYbsKls-YEcu9yYUL2YnmVQ4YudYQ4Y_xxEGvPHR77C-QcPNH5WvlitVIR5ZYdbAZV9xP_zzdIbZpUuqdXX0L0MjyeLBSxTVRMXo1hQYBq8VA0LGOtL2d-BSB5BD3HHsGWRyMSC-5ZHoDOn0FAaFKYI36KwaY%3D,https://www.google.com/search?sca_esv=4ad496d1768baf99&rlz=1C1ALOY_esCO1035CO1035&cs=1&sxsrf=AHTn8zolV7G8aX6c1SUQSHNUlE4RUGOXXQ:1742790043735&q=Racing+Club+de+Estrasburgo&stick=H4sIAAAAAAAAAONgVuLUz9U3MMktsKh4xGjCLfDyxz1hKe1Ja05eY1Tl4grOyC93zSvJLKkUEudig7J4pbi5ELp4FrFKBSUmZ-alKzjnlCYppKQquBaXFCUWJ5UWpecDAA7-TgdhAAAA&ved=2ahUKEwiL-srr7qGMAxXnSTABHVR3B24Qukt6BAgCEBU#sie=m;/g/11y6hmcdl6;2;/m/044hxl;dt;fp;1;;;&wptab=si:APYL9bsdvePlUvFpoma5fMvhOQ6bvXM76DvGLQOhfQo6Zp3kxNoH6BKiFU3NUK-DDCMYUl50O50je6Y_pgRm3IpRsSlYbsKls-YEcu9yYUL2YnmVQ4YudYQ4Y_xxEGvPHR77C-QcPNH5WvlitVIR5ZYdbAZV9xP_zzdIbZpUuqdXX0L0MjyeLBSxTVRMXo1hQYBq8VA0LGOtL2d-BSB5BD3HHsGWRyMSC-5ZHoDOn0FAaFKYI36KwaY%3D
RCD Espanyol,https://www.google.com/search?q=rcd+espanyol&rlz=1C1ALOY_esCO1035CO1035&oq=rcd&gs_lcrp=EgZjaHJvbWUqBwgJEAAYjwIyDAgAEEUYORixAxiABDIPCAEQLhhDGLEDGIAEGIoFMgwIAhAAGEMYgAQYigUyDAgDEAAYQxiABBiKBTIMCAQQABhDGIAEGIoFMgwIBRAAGEMYgAQYigUyCggGEC4YsQMYgAQyDAgHEAAYQxiABBiKBTIMCAgQABhDGIAEGIoFMgcICRAAGI8C0gEINjY1M2owajeoAgCwAgA&sourceid=chrome&ie=UTF-8#sie=t;/m/025txtg;2;/m/09gqx;bbbs;hd;;;;2025-05-25T12:00:00Z&wptab=si:APYL9buA3KKcsw3wGt-6FjQ-zfm_3HpmSoBelfkO9MczsxsNbSvfXD13dQHjEy9zxNMNCOtEtfLETNyn-36sazRfBea35jMUr18heGeCzeWGIgYpe1IIdZmsCkHPYvcNz4H7hlLYbRK3Uk4-73EHUDZvODASgSCZh414V5q8yQYPwTjBUrSDUnYW9tqDrIyrAlNJ9gkMKWuWIrRs12IQTT_1nwSNSIN_qQQrJQSU5Ya4csUCsYKsO-k%3D,https://www.google.com/search?q=rcd+espanyol&rlz=1C1ALOY_esCO1035CO1035&oq=rcd&gs_lcrp=EgZjaHJvbWUqBwgJEAAYjwIyDAgAEEUYORixAxiABDIPCAEQLhhDGLEDGIAEGIoFMgwIAhAAGEMYgAQYigUyDAgDEAAYQxiABBiKBTIMCAQQABhDGIAEGIoFMgwIBRAAGEMYgAQYigUyCggGEC4YsQMYgAQyDAgHEAAYQxiABBiKBTIMCAgQABhDGIAEGIoFMgcICRAAGI8C0gEINjY1M2owajeoAgCwAgA&sourceid=chrome&ie=UTF-8#sie=m;/g/11y5mklztn;2;/m/09gqx;dt;fp;1;;;&wptab=si:APYL9buA3KKcsw3wGt-6FjQ-zfm_3HpmSoBelfkO9MczsxsNbSvfXD13dQHjEy9zxNMNCOtEtfLETNyn-36sazRfBea35jMUr18heGeCzeWGIgYpe1IIdZmsCkHPYvcNz4H7hlLYbRK3Uk4-73EHUDZvODASgSCZh414V5q8yQYPwTjBUrSDUnYW9tqDrIyrAlNJ9gkMKWuWIrRs12IQTT_1nwSNSIN_qQQrJQSU5Ya4csUCsYKsO-k%3D
Atlético Madrid,https://www.google.com/search?gs_ssp=eJzj4tDP1TfISTcvM2D0EkosyUktyUzOV0hJVchNTCnKTAEAkCUJ6g&q=atletico+de+madrid&rlz=1C1ALOY_esCO1035CO1035&oq=at&gs_lcrp=EgZjaHJvbWUqDwgBEC4YQxixAxiABBiKBTIGCAAQRRg5Mg8IARAuGEMYsQMYgAQYigUyDQgCEC4YgwEYsQMYgAQyDggDEEUYJxg7GIAEGIoFMgwIBBAjGCcYgAQYigUyBggFEEUYPTIGCAYQRRg9MgYIBxBFGD3SAQgxOTA2ajBqOagCALACAQ&sourceid=chrome&ie=UTF-8#sie=t;/m/0lg7v;2;/m/09gqx;bbbs;hd;;;;2025-06-23T19:00:00Z&wptab=si:APYL9btp3RF4rMteeKUUGnuEThopwi3n8zDPOUD_15eeNqymofjNp8Ggx03jTIB85JK2xfZX-PN_WHJ87reP5LTehwdvvpHWqUIShAMRBH0NlhoWnBaeEyQqXqVwveDRKb-hXLnQjhPkLs5mAmJzxKJK7FN72kPNRDMFdggo8NaeN47Nl55zCrP17G7vN9u97N_OGbZyprx3H0wyUrQRgET7B34oOM3t67flr9b3CfkB4ULcNYDa5ww%3D,https://www.google.com/search?gs_ssp=eJzj4tDP1TfISTcvM2D0EkosyUktyUzOV0hJVchNTCnKTAEAkCUJ6g&q=atletico+de+madrid&rlz=1C1ALOY_esCO1035CO1035&oq=at&gs_lcrp=EgZjaHJvbWUqDwgBEC4YQxixAxiABBiKBTIGCAAQRRg5Mg8IARAuGEMYsQMYgAQYigUyDQgCEC4YgwEYsQMYgAQyDggDEEUYJxg7GIAEGIoFMgwIBBAjGCcYgAQYigUyBggFEEUYPTIGCAYQRRg9MgYIBxBFGD3SAQgxOTA2ajBqOagCALACAQ&sourceid=chrome&ie=UTF-8#sie=m;/g/11w3ryh5gh;2;/m/09gqx;dt;fp;1;;;&wptab=si:APYL9btp3RF4rMteeKUUGnuEThopwi3n8zDPOUD_15eeNqymofjNp8Ggx03jTIB85JK2xfZX-PN_WHJ87reP5LTehwdvvpHWqUIShAMRBH0NlhoWnBaeEyQqXqVwveDRKb-hXLnQjhPkLs5mAmJzxKJK7FN72kPNRDMFdggo8NaeN47Nl55zCrP17G7vN9u97N_OGbZyprx3H0wyUrQRgET7B34oOM3t67flr9b3CfkB4ULcNYDa5ww%3D
Alavés,https://www.google.com/search?cs=0&rlz=1C1CHZL_esCO906CO906&sca_esv=b3743c3edb8cdec9&sxsrf=AHTn8zrachi6xK0qmlPYaKP1yKvq8KwrBw:1745542985294&q=Deportivo+Alav%C3%A9s&stick=H4sIAAAAAAAAAONgVuLUz9U3MC5JLs99xGjCLfDyxz1hKe1Ja05eY1Tl4grOyC93zSvJLKkUEudig7J4pbi5ELp4FrEKuqQW5BeVZJblKzjmJJYdXlkMAPp_kdZYAAAA&ved=2ahUKEwjG4s6s_vGMAxVxL0QIHeieCwEQukt6BAgCEAo#sie=t;/m/03tcwm;2;/m/09gqx;bbbs;hd;;;;2025-05-25T12:00:00Z&wptab=si:APYL9bsdvePlUvFpoma5fMvhOQ6bvXM76DvGLQOhfQo6Zp3kxNoH6BKiFU3NUK-DDCMYUl50O50je6Y_pgRm3IpRsSlYbsKls-YEcu9yYUL2YnmVQ4YudYQ4Y_xxEGvPHR77C-QcPNH5WvlitVIR5ZYdbAZVrMyOvFKfegJtvvyJA9jBSw27p1d9GFeTsuc3TK-IyhToeceWQSdlLYwWWMk45dxkXpWElAFaw4SG01O5hpefNLoPHZQ%3D,https://www.google.com/search?q=rayo+vallecano&sca_esv=1ff02947d4eaa456&rlz=1C1ALOY_esCO1035CO1035&sxsrf=AHTn8zrcQ4FzcAyIsbezpMWOYaX7phfzSg%3A1743257697987&ei=YQDoZ8f5O4iWwbkP19qdiAs&gs_ssp=eJzj4tTP1TcwLkkxLTNg9OIrSqzMVyhLzMlJTU7MywcAcVoI3g&oq=ray&gs_lp=Egxnd3Mtd2l6LXNlcnAiA3JheSoCCAEyChAjGIAEGCcYigUyDRAuGIAEGLEDGEMYigUyChAAGIAEGEMYigUyChAAGIAEGEMYigUyDRAAGIAEGLEDGEMYigUyChAAGIAEGEMYigUyEBAAGIAEGLEDGEMYgwEYigUyChAAGIAEGEMYigUyChAAGIAEGEMYigUyBRAAGIAEMhwQLhiABBixAxhDGIoFGJcFGNwEGN4EGOAE2AEBSKsbUJELWPYScAJ4AZABAJgBqgGgAd4EqgEDMC40uAEByAEA-AEBmAIHoAKRDcICBBAAGAPCAgoQABiABBgUGIcCwgIKEC4YgAQYJxiKBcICChAuGIAEGEMYigWYAwC6BgYIARABGBSSBwcyLjQuNi0xoAeUOw&sclient=gws-wiz-serp#sie=m;/g/11y5mklrr1;2;/m/09gqx;dt;fp;1;;;&wptab=si:APYL9bsdvePlUvFpoma5fMvhOQ6bvXM76DvGLQOhfQo6Zp3kxNoH6BKiFU3NUK-DDCMYUl50O50je6Y_pgRm3IpRsSlYbsKls-YEcu9yYUL2YnmVQ4YudYQ4Y_xxEGvPHR77C-QcPNH5WvlitVIR5ZYdbAZVpR98hm-rGJwRGPDel94McnPGkzTp3cOndZ1xJhYPYq_HbrG56-Vc7rxLlXT3kmAO84Ldll1BkRT3cclRccObO1UCQdY%3D
Real Madrid,https://www.google.com/search?q=real+madrid&rlz=1C1ALOY_esCO1035CO1035&oq=Rea&gs_lcrp=EgZjaHJvbWUqFAgAECMYJxhGGP0BGOMCGIAEGIoFMhQIABAjGCcYRhj9ARjjAhiABBiKBTIMCAEQLhgnGIAEGIoFMgYIAhBFGEAyBggDEEUYOTIGCAQQRRg8MgYIBRBFGD0yBggGEEUYPDIGCAcQRRhB0gEHOTk3ajBqN6gCALACAA&sourceid=chrome&ie=UTF-8#sie=t;/m/06l22;2;/m/09gqx;bbbs;hd;;;;2025-06-27T01:00:00Z&wptab=si:APYL9btp3RF4rMteeKUUGnuEThopwi3n8zDPOUD_15eeNqymofjNp8Ggx03jTIB85JK2xfZX-PN_WHJ87reP5LTehwdvvpHWqUIShAMRBH0NlhoWnBaeEyQqXqVwveDRKb-hXLnQjhPkLs5mAmJzxKJK7FN7UDNYhFyCjhrD9D0h41TmJ0xMxpEaJAmM21muoVPeZGVO_psENF4ab__kC6R0N0AcZK9iSKeXlaOvisBNagbzFVd4Plc%3D,https://www.google.com/search?q=real+madrid&rlz=1C1ALOY_esCO1035CO1035&oq=Rea&gs_lcrp=EgZjaHJvbWUqFAgAECMYJxhGGP0BGOMCGIAEGIoFMhQIABAjGCcYRhj9ARjjAhiABBiKBTIMCAEQLhgnGIAEGIoFMgYIAhBFGEAyBggDEEUYOTIGCAQQRRg8MgYIBRBFGD0yBggGEEUYPDIGCAcQRRhB0gEHOTk3ajBqN6gCALACAA&sourceid=chrome&ie=UTF-8#sie=m;/g/11y5mknvdx;2;/m/09gqx;dt;fp;1;;;&wptab=si:APYL9btp3RF4rMteeKUUGnuEThopwi3n8zDPOUD_15eeNqymofjNp8Ggx03jTIB85JK2xfZX-PN_WHJ87reP5LTehwdvvpHWqUIShAMRBH0NlhoWnBaeEyQqXqVwveDRKb-hXLnQjhPkLs5mAmJzxKJK7FN7UDNYhFyCjhrD9D0h41TmJ0xMxpEaJAmM21muoVPeZGVO_psENF4ab__kC6R0N0AcZK9iSKeXlaOvisBNagbzFVd4Plc%3D
Leganés,https://www.google.com/search?sca_esv=8c4aa71f7ca1f7d8&rlz=1C1ALOY_esCO1035CO1035&cs=1&sxsrf=AHTn8zobOWPtGG2TNrFG1saDgJs18xebmQ:1743259317274&q=Club+Deportivo+Legan%C3%A9s&stick=H4sIAAAAAAAAAONgVuLUz9U3MDeqKLd4xGjCLfDyxz1hKe1Ja05eY1Tl4grOyC93zSvJLKkUEudig7J4pbi5ELp4FrGKO-eUJim4pBbkF5VkluUr-KSmJ-YdXlkMADt8TTpeAAAA&ved=2ahUKEwjL_9WCw6-MAxUeAzQIHfohAb4Qukt6BAgCEAo#sie=t;/m/072xw8;2;/m/09gqx;bbbs;hd;;;;2025-05-25T12:00:00Z&wptab=si:APYL9bsdvePlUvFpoma5fMvhOQ6bvXM76DvGLQOhfQo6Zp3kxNoH6BKiFU3NUK-DDCMYUl50O50je6Y_pgRm3IpRsSlYbsKls-YEcu9yYUL2YnmVQ4YudYQ4Y_xxEGvPHR77C-QcPNH5WvlitVIR5ZYdbAZVzWsZeUXmfCsqsIGxEUB_nnO5K1Hzzqdec_1pvtbbZleyCfFS98W46rTuhaVjXzvq7BuwKm5WanKhksWR-QeKCMqurvEUeoA6Vh_HduuaCqi-WZCz,https://www.google.com/search?sca_esv=8c4aa71f7ca1f7d8&rlz=1C1ALOY_esCO1035CO1035&cs=1&sxsrf=AHTn8zobOWPtGG2TNrFG1saDgJs18xebmQ:1743259317274&q=Club+Deportivo+Legan%C3%A9s&stick=H4sIAAAAAAAAAONgVuLUz9U3MDeqKLd4xGjCLfDyxz1hKe1Ja05eY1Tl4grOyC93zSvJLKkUEudig7J4pbi5ELp4FrGKO-eUJim4pBbkF5VkluUr-KSmJ-YdXlkMADt8TTpeAAAA&ved=2ahUKEwjL_9WCw6-MAxUeAzQIHfohAb4Qukt6BAgCEAo#sie=m;/g/11y5mkkbsr;2;/m/09gqx;dt;fp;1;;;&wptab=si:APYL9bsdvePlUvFpoma5fMvhOQ6bvXM76DvGLQOhfQo6Zp3kxNoH6BKiFU3NUK-DDCMYUl50O50je6Y_pgRm3IpRsSlYbsKls-YEcu9yYUL2YnmVQ4YudYQ4Y_xxEGvPHR77C-QcPNH5WvlitVIR5ZYdbAZVzWsZeUXmfCsqsIGxEUB_nnO5K1Hzzqdec_1pvtbbZleyCfFS98W46rTuhaVjXzvq7BuwKm5WanKhksWR-QeKCMqurvEUeoA6Vh_HduuaCqi-WZCz
Juventus,https://www.google.com/search?gs_ssp=eJzj4tDP1TcwMa2oMGD04sgqLUvNKyktBgA8BgZu&q=juventus&rlz=1C1ALOY_esCO1035CO1035&oq=juv&gs_lcrp=EgZjaHJvbWUqDwgBEC4YQxixAxiABBiKBTIGCAAQRRg5Mg8IARAuGEMYsQMYgAQYigUyDAgCECMYJxiABBiKBTIMCAMQABhDGIAEGIoFMgwIBBAAGEMYgAQYigUyDAgFEAAYQxiABBiKBTIMCAYQABhDGIAEGIoFMgwIBxAAGEMYgAQYigUyDAgIEAAYQxiABBiKBTIHCAkQABiPAtIBCDIwMTVqMGo5qAIAsAIA&sourceid=chrome&ie=UTF-8#sie=t;/m/045xx;2;/m/03zv9;bbbs;hd;;;;2025-06-26T19:00:00Z&wptab=si:APYL9btp3RF4rMteeKUUGnuEThopwi3n8zDPOUD_15eeNqymofjNp8Ggx03jTIB85JK2xfZX-PN_WHJ87reP5LTehwdvvpHWqUIShAMRBH0NlhoWnBaeEyQqXqVwveDRKb-hXLnQjhPkLs5mAmJzxKJK7FN7MO6YzbV_RPVYxtP6ph7eUZAU79c9HXzeVPugYpF9vqjJhlME-PG5QI-YZNbbnDPT_rBVCgBKxaAe-rWt1ueIYlckwwI%3D,https://www.google.com/search?gs_ssp=eJzj4tDP1TcwMa2oMGD04sgqLUvNKyktBgA8BgZu&q=juventus&rlz=1C1ALOY_esCO1035CO1035&oq=juv&gs_lcrp=EgZjaHJvbWUqDwgBEC4YQxixAxiABBiKBTIGCAAQRRg5Mg8IARAuGEMYsQMYgAQYigUyDAgCECMYJxiABBiKBTIMCAMQABhDGIAEGIoFMgwIBBAAGEMYgAQYigUyDAgFEAAYQxiABBiKBTIMCAYQABhDGIAEGIoFMgwIBxAAGEMYgAQYigUyDAgIEAAYQxiABBiKBTIHCAkQABiPAtIBCDIwMTVqMGo5qAIAsAIA&sourceid=chrome&ie=UTF-8#sie=m;/g/11y667n3w1;2;/m/03zv9;dt;fp;1;;;&wptab=si:APYL9btp3RF4rMteeKUUGnuEThopwi3n8zDPOUD_15eeNqymofjNp8Ggx03jTIB85JK2xfZX-PN_WHJ87reP5LTehwdvvpHWqUIShAMRBH0NlhoWnBaeEyQqXqVwveDRKb-hXLnQjhPkLs5mAmJzxKJK7FN7MO6YzbV_RPVYxtP6ph7eUZAU79c9HXzeVPugYpF9vqjJhlME-PG5QI-YZNbbnDPT_rBVCgBKxaAe-rWt1ueIYlckwwI%3D
Genoa,https://www.google.com/search?q=Genoa&rlz=1C1ALOY_esCO1035CO1035&oq=Genoa&gs_lcrp=EgZjaHJvbWUyBggAEEUYOTISCAEQABhDGIMBGLEDGIAEGIoFMg8IAhAuGEMYsQMYgAQYigUyDAgDEAAYQxiABBiKBTIMCAQQABhDGIAEGIoFMgoIBRAAGLEDGIAEMgwIBhAAGEMYgAQYigUyDAgHEAAYFBiHAhiABDIMCAgQABhDGIAEGIoFMgcICRAuGIAE0gEJMTA2MTZqMGo5qAIAsAIA&sourceid=chrome&ie=UTF-8#sie=t;/m/08vk_r;2;/m/03zv9;bbbs;hd;;;;2025-05-25T13:00:00Z&wptab=si:APYL9bsdvePlUvFpoma5fMvhOQ6bvXM76DvGLQOhfQo6Zp3kxNoH6BKiFU3NUK-DDCMYUl50O50je6Y_pgRm3IpRsSlYbsKls-YEcu9yYUL2YnmVQ4YudYQ4Y_xxEGvPHR77C-QcPNH5WvlitVIR5ZYdbAZVvUWKvV8nlZ8K634bGhTwLe0tvV-oyLHUqzo0Vy4ZKf9kLxRjC0VVwwyfkZ-JyOygiOsjng%3D%3D,https://www.google.com/search?q=Genoa&rlz=1C1ALOY_esCO1035CO1035&oq=Genoa&gs_lcrp=EgZjaHJvbWUyBggAEEUYOTISCAEQABhDGIMBGLEDGIAEGIoFMg8IAhAuGEMYsQMYgAQYigUyDAgDEAAYQxiABBiKBTIMCAQQABhDGIAEGIoFMgoIBRAAGLEDGIAEMgwIBhAAGEMYgAQYigUyDAgHEAAYFBiHAhiABDIMCAgQABhDGIAEGIoFMgcICRAuGIAE0gEJMTA2MTZqMGo5qAIAsAIA&sourceid=chrome&ie=UTF-8#sie=m;/g/11w22jb45s;2;/m/03zv9;dt;fp;1;;;&wptab=si:APYL9bsdvePlUvFpoma5fMvhOQ6bvXM76DvGLQOhfQo6Zp3kxNoH6BKiFU3NUK-DDCMYUl50O50je6Y_pgRm3IpRsSlYbsKls-YEcu9yYUL2YnmVQ4YudYQ4Y_xxEGvPHR77C-QcPNH5WvlitVIR5ZYdbAZVvUWKvV8nlZ8K634bGhTwLe0tvV-oyLHUqzo0Vy4ZKf9kLxRjC0VVwwyfkZ-JyOygiOsjng%3D%3D
Lecce,https://www.google.com/search?q=lecce+fc&sca_esv=0bc0bb76be1c03af&rlz=1C1ALOY_esCO1035CO1035&sxsrf=AHTn8zrpbeSkI8KXq6DOqao-uj3vGKJi6Q%3A1743270117573&ei=5TDoZ5fiIr6gkvQPxurD4Qs&oq=Lecce&gs_lp=Egxnd3Mtd2l6LXNlcnAiBUxlY2NlKgIIADIKEAAYsAMY1gQYRzIKEAAYsAMY1gQYRzIKEAAYsAMY1gQYRzIKEAAYsAMY1gQYRzIKEAAYsAMY1gQYRzIKEAAYsAMY1gQYRzIKEAAYsAMY1gQYRzIKEAAYsAMY1gQYRzINEAAYgAQYsAMYQxiKBTINEAAYgAQYsAMYQxiKBTINEAAYgAQYsAMYQxiKBTINEAAYgAQYsAMYQxiKBTIOEAAYsAMY5AIY1gTYAQEyDhAAGLADGOQCGNYE2AEBMg4QABiwAxjkAhjWBNgBATITEC4YgAQYsAMYQxjIAxiKBdgBATITEC4YgAQYsAMYQxjIAxiKBdgBATITEC4YgAQYsAMYQxjIAxiKBdgBATITEC4YgAQYsAMYQxjIAxiKBdgBAUiMCFAAWABwAXgBkAEAmAEAoAEAqgEAuAEByAEAmAIBoAIMmAMAiAYBkAYTugYGCAEQARgJkgcBMaAHAA&sclient=gws-wiz-serp#sie=t;/m/04999m;2;/m/03zv9;bbbs;hd;;;;2025-05-25T13:00:00Z&wptab=si:APYL9bsdvePlUvFpoma5fMvhOQ6bvXM76DvGLQOhfQo6Zp3kxNoH6BKiFU3NUK-DDCMYUl50O50je6Y_pgRm3IpRsSlYbsKls-YEcu9yYUL2YnmVQ4YudYQ4Y_xxEGvPHR77C-QcPNH5WvlitVIR5ZYdbAZVqRgObJEsGEAW5AwUR5QWoWEvhmjj4798rB4vi2mQGQzBfkxc9IwPgWf1ssXA4cOd6UgsqARk9PfCLRRQAHkHdqyjvzc%3D,https://www.google.com/search?q=lecce+fc&sca_esv=0bc0bb76be1c03af&rlz=1C1ALOY_esCO1035CO1035&sxsrf=AHTn8zrpbeSkI8KXq6DOqao-uj3vGKJi6Q%3A1743270117573&ei=5TDoZ5fiIr6gkvQPxurD4Qs&oq=Lecce&gs_lp=Egxnd3Mtd2l6LXNlcnAiBUxlY2NlKgIIADIKEAAYsAMY1gQYRzIKEAAYsAMY1gQYRzIKEAAYsAMY1gQYRzIKEAAYsAMY1gQYRzIKEAAYsAMY1gQYRzIKEAAYsAMY1gQYRzIKEAAYsAMY1gQYRzIKEAAYsAMY1gQYRzINEAAYgAQYsAMYQxiKBTINEAAYgAQYsAMYQxiKBTINEAAYgAQYsAMYQxiKBTINEAAYgAQYsAMYQxiKBTIOEAAYsAMY5AIY1gTYAQEyDhAAGLADGOQCGNYE2AEBMg4QABiwAxjkAhjWBNgBATITEC4YgAQYsAMYQxjIAxiKBdgBATITEC4YgAQYsAMYQxjIAxiKBdgBATITEC4YgAQYsAMYQxjIAxiKBdgBATITEC4YgAQYsAMYQxjIAxiKBdgBAUiMCFAAWABwAXgBkAEAmAEAoAEAqgEAuAEByAEAmAIBoAIMmAMAiAYBkAYTugYGCAEQARgJkgcBMaAHAA&sclient=gws-wiz-serp#sie=m;/g/11w22jb45s;2;/m/03zv9;dt;fp;1;;;&wptab=si:APYL9bsdvePlUvFpoma5fMvhOQ6bvXM76DvGLQOhfQo6Zp3kxNoH6BKiFU3NUK-DDCMYUl50O50je6Y_pgRm3IpRsSlYbsKls-YEcu9yYUL2YnmVQ4YudYQ4Y_xxEGvPHR77C-QcPNH5WvlitVIR5ZYdbAZVqRgObJEsGEAW5AwUR5QWoWEvhmjj4798rB4vi2mQGQzBfkxc9IwPgWf1ssXA4cOd6UgsqARk9PfCLRRQAHkHdqyjvzc%3D
Roma,https://www.google.com/search?q=roma+fc&sca_esv=0bc0bb76be1c03af&rlz=1C1ALOY_esCO1035CO1035&sxsrf=AHTn8zrlQu_LUzxYCZj0Jh9EKZ3bevA40g%3A1743270165841&ei=FTHoZ66NM8W1wt0PjNH7-Ao&oq=Roma&gs_lp=Egxnd3Mtd2l6LXNlcnAiBFJvbWEqAggBMgoQABiwAxjWBBhHMgoQABiwAxjWBBhHMgoQABiwAxjWBBhHMgoQABiwAxjWBBhHMgoQABiwAxjWBBhHMgoQABiwAxjWBBhHMgoQABiwAxjWBBhHMgoQABiwAxjWBBhHMg0QABiABBiwAxhDGIoFMg0QABiABBiwAxhDGIoFMg0QABiABBiwAxhDGIoFMg0QABiABBiwAxhDGIoFMg4QABiwAxjkAhjWBNgBATIOEAAYsAMY5AIY1gTYAQEyDhAAGLADGOQCGNYE2AEBMhMQLhiABBiwAxhDGMgDGIoF2AEBMhMQLhiABBiwAxhDGMgDGIoF2AEBMhMQLhiABBiwAxhDGMgDGIoF2AEBMhMQLhiABBiwAxhDGMgDGIoF2AEBSNoIUABYAHABeAGQAQCYAQCgAQCqAQC4AQHIAQCYAgGgAgiYAwCIBgGQBhO6BgYIARABGAmSBwExoAcA&sclient=gws-wiz-serp#sie=t;/m/0ytc;2;/m/03zv9;bbbs;hd;;;;2025-05-25T13:00:00Z&wptab=si:APYL9bsYRJ82IFt7d7VApj0TA5hNsH1aBzMxYw1W2YZ-0oz3gHBm7-yv00HV8mc-hl7KoutrEbhpBOCxTJIWTgIYBLyQbnUJAZaMbuq6etnXz0RTnllxTdxcaFwLDv-vnSGelqQ_DibuNzVFs-hiucZgjzuVypfeOfw33XZ8XZpV0uXu3oO_GBUx88Ikp9AD3GRU5PzQP0kRx7MyGvjoTk9-3zej5dAd_NXzUU5Li2519IS6B7eIcz8%3D,https://www.google.com/search?q=roma+fc&sca_esv=0bc0bb76be1c03af&rlz=1C1ALOY_esCO1035CO1035&sxsrf=AHTn8zrlQu_LUzxYCZj0Jh9EKZ3bevA40g%3A1743270165841&ei=FTHoZ66NM8W1wt0PjNH7-Ao&oq=Roma&gs_lp=Egxnd3Mtd2l6LXNlcnAiBFJvbWEqAggBMgoQABiwAxjWBBhHMgoQABiwAxjWBBhHMgoQABiwAxjWBBhHMgoQABiwAxjWBBhHMgoQABiwAxjWBBhHMgoQABiwAxjWBBhHMgoQABiwAxjWBBhHMgoQABiwAxjWBBhHMg0QABiABBiwAxhDGIoFMg0QABiABBiwAxhDGIoFMg0QABiABBiwAxhDGIoFMg0QABiABBiwAxhDGIoFMg4QABiwAxjkAhjWBNgBATIOEAAYsAMY5AIY1gTYAQEyDhAAGLADGOQCGNYE2AEBMhMQLhiABBiwAxhDGMgDGIoF2AEBMhMQLhiABBiwAxhDGMgDGIoF2AEBMhMQLhiABBiwAxhDGMgDGIoF2AEBMhMQLhiABBiwAxhDGMgDGIoF2AEBSNoIUABYAHABeAGQAQCYAQCgAQCqAQC4AQHIAQCYAgGgAgiYAwCIBgGQBhO6BgYIARABGAmSBwExoAcA&sclient=gws-wiz-serp#sie=m;/g/11w4bv848z;2;/m/03zv9;dt;fp;1;;;&wptab=si:APYL9bsYRJ82IFt7d7VApj0TA5hNsH1aBzMxYw1W2YZ-0oz3gHBm7-yv00HV8mc-hl7KoutrEbhpBOCxTJIWTgIYBLyQbnUJAZaMbuq6etnXz0RTnllxTdxcaFwLDv-vnSGelqQ_DibuNzVFs-hiucZgjzuVypfeOfw33XZ8XZpV0uXu3oO_GBUx88Ikp9AD3GRU5PzQP0kRx7MyGvjoTk9-3zej5dAd_NXzUU5Li2519IS6B7eIcz8%3D
Mónaco,https://www.google.com/search?q=partidos+de+as+m%C3%B3naco&rlz=1C1ALOY_esCO1035CO1035&oq=partidos+de+as+m%C3%B3naco&gs_lcrp=EgZjaHJvbWUyDggAEEUYJxg5GIAEGIoFMgcIARAAGIAEMgcIAhAAGIAEMgcIAxAAGIAEMgYIBBAAGAMyBwgFEAAYgAQyBwgGEAAYgAQyBwgHEAAYgAQyDAgIEAAYFBiHAhiABDIHCAkQABiABNIBBzcyMWowajeoAgCwAgA&sourceid=chrome&ie=UTF-8#sie=t;/m/01gjlw;2;/m/044hxl;bs;hd;;;;2025-03-29T20:05:00Z,https://www.google.com/search?q=partidos+de+as+m%C3%B3naco&rlz=1C1ALOY_esCO1035CO1035&oq=partidos+de+as+m%C3%B3naco&gs_lcrp=EgZjaHJvbWUyDggAEEUYJxg5GIAEGIoFMgcIARAAGIAEMgcIAhAAGIAEMgcIAxAAGIAEMgYIBBAAGAMyBwgFEAAYgAQyBwgGEAAYgAQyBwgHEAAYgAQyDAgIEAAYFBiHAhiABDIHCAkQABiABNIBBzcyMWowajeoAgCwAgA&sourceid=chrome&ie=UTF-8#sie=m;/g/11w3vpr8v1;2;/m/044hxl;dt;fp;1;;;
Niza,https://www.google.com/search?q=niza+fc&rlz=1C1ALOY_esCO1035CO1035&oq=Niza+fc&gs_lcrp=EgZjaHJvbWUqBwgAEAAYjwIyBwgAEAAYjwIyDwgBEC4YQxixAxiABBiKBTIZCAIQRRg5GEMYRhj9ARjjAhixAxiABBiKBTIHCAMQABiABDIHCAQQABiABDIHCAUQABiABDIHCAYQABiABDIHCAcQABiABDIHCAgQABiABDIHCAkQABiABNIBCDE5MzFqMGo5qAIAsAIA&sourceid=chrome&ie=UTF-8#sie=t;/m/0346qt;2;/m/044hxl;bbbs;hd;;;;2025-05-18T12:00:00Z&wptab=si:APYL9bsdvePlUvFpoma5fMvhOQ6bvXM76DvGLQOhfQo6Zp3kxNoH6BKiFU3NUK-DDCMYUl50O50je6Y_pgRm3IpRsSlYbsKls-YEcu9yYUL2YnmVQ4YudYQ4Y_xxEGvPHR77C-QcPNH5WvlitVIR5ZYdbAZVsR6ulP-F6B-RNsLWokt8sKbDDUEep3um27oU2wxL_jh_eny3Vr38MKoaVNbwuY8kEo3wJ7VDjiuYbubTt0L7yLaJChE%3D,https://www.google.com/search?q=niza+fc&rlz=1C1ALOY_esCO1035CO1035&oq=Niza+fc&gs_lcrp=EgZjaHJvbWUqBwgAEAAYjwIyBwgAEAAYjwIyDwgBEC4YQxixAxiABBiKBTIZCAIQRRg5GEMYRhj9ARjjAhixAxiABBiKBTIHCAMQABiABDIHCAQQABiABDIHCAUQABiABDIHCAYQABiABDIHCAcQABiABDIHCAgQABiABDIHCAkQABiABNIBCDE5MzFqMGo5qAIAsAIA&sourceid=chrome&ie=UTF-8#sie=m;/g/11w1lq0kk7;2;/m/044hxl;dt;fp;1;;;&wptab=si:APYL9bsdvePlUvFpoma5fMvhOQ6bvXM76DvGLQOhfQo6Zp3kxNoH6BKiFU3NUK-DDCMYUl50O50je6Y_pgRm3IpRsSlYbsKls-YEcu9yYUL2YnmVQ4YudYQ4Y_xxEGvPHR77C-QcPNH5WvlitVIR5ZYdbAZVsR6ulP-F6B-RNsLWokt8sKbDDUEep3um27oU2wxL_jh_eny3Vr38MKoaVNbwuY8kEo3wJ7VDjiuYbubTt0L7yLaJChE%3D
Juventude,https://www.google.com/search?rlz=1C1ALOY_esCO1035CO1035&sca_esv=56572e00c69421cb&cs=1&sxsrf=AHTn8zpKoIJnXBibCkA7S4RSTidpoN6QRw:1743280429296&q=Esporte+Clube+Juventude&stick=H4sIAAAAAAAAAONgVuLUz9U3ME0uK7J8xGjCLfDyxz1hKe1Ja05eY1Tl4grOyC93zSvJLKkUEudig7J4pbi5ELp4FrGKuxYX5BeVpCo455QmpSp4lZal5pWUpqQCABA3Ls1eAAAA&ved=2ahUKEwir49bVkbCMAxVzMjQIHRiuO08Qukt6BAgCEAo#sie=t;/m/05cvr9;2;/m/0fnk7q;bbbs;hd;;;;2025-08-16T12:00:00Z&wptab=si:APYL9bsdvePlUvFpoma5fMvhOQ6bvXM76DvGLQOhfQo6Zp3kxNoH6BKiFU3NUK-DDCMYUl50O50je6Y_pgRm3IpRsSlYbsKls-YEcu9yYUL2YnmVQ4YudYQ4Y_xxEGvPHR77C-QcPNH5WvlitVIR5ZYdbAZVekFYKLm607W4DrV8co80zAiQIcJqwZsvGZbNYJfkDa4hipitUswzm2QflLow0OlFAyYPFcwJCErMZKRJiumhw2UDIXM%3D,https://www.google.com/search?rlz=1C1ALOY_esCO1035CO1035&sca_esv=56572e00c69421cb&cs=1&sxsrf=AHTn8zpKoIJnXBibCkA7S4RSTidpoN6QRw:1743280429296&q=Esporte+Clube+Juventude&stick=H4sIAAAAAAAAAONgVuLUz9U3ME0uK7J8xGjCLfDyxz1hKe1Ja05eY1Tl4grOyC93zSvJLKkUEudig7J4pbi5ELp4FrGKuxYX5BeVpCo455QmpSp4lZal5pWUpqQCABA3Ls1eAAAA&ved=2ahUKEwir49bVkbCMAxVzMjQIHRiuO08Qukt6BAgCEAo#sie=m;/g/11x094qtbb;2;/m/05rqc6;dt;fp;1;;;&wptab=si:APYL9bsdvePlUvFpoma5fMvhOQ6bvXM76DvGLQOhfQo6Zp3kxNoH6BKiFU3NUK-DDCMYUl50O50je6Y_pgRm3IpRsSlYbsKls-YEcu9yYUL2YnmVQ4YudYQ4Y_xxEGvPHR77C-QcPNH5WvlitVIR5ZYdbAZVekFYKLm607W4DrV8co80zAiQIcJqwZsvGZbNYJfkDa4hipitUswzm2QflLow0OlFAyYPFcwJCErMZKRJiumhw2UDIXM%3D
Vitória,https://www.google.com/search?cs=1&rlz=1C1ALOY_esCO1035CO1035&sca_esv=56572e00c69421cb&sxsrf=AHTn8zoyTB8JAZL_g7SYko7tLIbtDGcSlg:1743280627527&q=Esporte+Clube+Vit%C3%B3ria&stick=H4sIAAAAAAAAAONgVuLUz9U3MLTMtch9xGjCLfDyxz1hKe1Ja05eY1Tl4grOyC93zSvJLKkUEudig7J4pbi5ELp4FrGKuRYX5BeVpCo455QmpSqEZZYc3lyUmQgAWzwmBF0AAAA&ved=2ahUKEwiRtKa0krCMAxWqADQIHX12OpgQukt6BAgCEAs#sie=t;/m/019m8m;2;/m/0fnk7q;bbbs;hd;;;;2025-07-12T12:00:00Z&wptab=si:APYL9bsdvePlUvFpoma5fMvhOQ6bvXM76DvGLQOhfQo6Zp3kxNoH6BKiFU3NUK-DDCMYUl50O50je6Y_pgRm3IpRsSlYbsKls-YEcu9yYUL2YnmVQ4YudYQ4Y_xxEGvPHR77C-QcPNH5WvlitVIR5ZYdbAZVFAY7PWr-70d0A1AM8NJLzkfsXm7ugK2ssS9z8BlRkRfRC0BUxvE7lgX9HEIANInqLU6PJqqNinyBMwNFRWAeqR2Fe7t_3WcrVZeYiT2W8tf474T9,https://www.google.com/search?cs=1&rlz=1C1ALOY_esCO1035CO1035&sca_esv=56572e00c69421cb&sxsrf=AHTn8zoyTB8JAZL_g7SYko7tLIbtDGcSlg:1743280627527&q=Esporte+Clube+Vit%C3%B3ria&stick=H4sIAAAAAAAAAONgVuLUz9U3MLTMtch9xGjCLfDyxz1hKe1Ja05eY1Tl4grOyC93zSvJLKkUEudig7J4pbi5ELp4FrGKuRYX5BeVpCo455QmpSqEZZYc3lyUmQgAWzwmBF0AAAA&ved=2ahUKEwiRtKa0krCMAxWqADQIHX12OpgQukt6BAgCEAs#sie=m;/g/11vt7prhm5;2;/m/0fnk7q;dt;fp;1;;;&wptab=si:APYL9bsdvePlUvFpoma5fMvhOQ6bvXM76DvGLQOhfQo6Zp3kxNoH6BKiFU3NUK-DDCMYUl50O50je6Y_pgRm3IpRsSlYbsKls-YEcu9yYUL2YnmVQ4YudYQ4Y_xxEGvPHR77C-QcPNH5WvlitVIR5ZYdbAZVFAY7PWr-70d0A1AM8NJLzkfsXm7ugK2ssS9z8BlRkRfRC0BUxvE7lgX9HEIANInqLU6PJqqNinyBMwNFRWAeqR2Fe7t_3WcrVZeYiT2W8tf474T9
Grêmio,https://www.google.com/search?gs_ssp=eJzj4tTP1TcwtMw1NTRg9GJLL0rNzcwHADAhBVA&q=gremio&rlz=1C1ALOY_esCO1035CO1035&oq=gre&gs_lcrp=EgZjaHJvbWUqDwgBEC4YQxixAxiABBiKBTIGCAAQRRg5Mg8IARAuGEMYsQMYgAQYigUyEggCEAAYQxiDARixAxiABBiKBTIMCAMQABhDGIAEGIoFMgwIBBAuGEMYgAQYigUyDAgFEAAYQxiABBiKBTIMCAYQABhDGIAEGIoFMgwIBxAAGEMYgAQYigUyDAgIEC4YQxiABBiKBTIHCAkQABiPAtIBCDIzOTZqMGo3qAIAsAIA&sourceid=chrome&ie=UTF-8#sie=t;/m/019m51;2;/m/0fnk7q;bbbs;hd;;;;2025-07-19T12:00:00Z&wptab=si:APYL9bsdvePlUvFpoma5fMvhOQ6bvXM76DvGLQOhfQo6Zp3kxNoH6BKiFU3NUK-DDCMYUl50O50je6Y_pgRm3IpRsSlYbsKls-YEcu9yYUL2YnmVQ4YudYQ4Y_xxEGvPHR77C-QcPNH5WvlitVIR5ZYdbAZVvWMLJTZmK6oNMnncDz8Mrq06dX6aa30hIjW-q5rb9CscDuJConpOgcFJG-sPYdko5LQuTdVKpADGBm_NMJ0ylPjcjd4agiHfy9Bym0_emELx_dn5,https://www.google.com/search?gs_ssp=eJzj4tTP1TcwtMw1NTRg9GJLL0rNzcwHADAhBVA&q=gremio&rlz=1C1ALOY_esCO1035CO1035&oq=gre&gs_lcrp=EgZjaHJvbWUqDwgBEC4YQxixAxiABBiKBTIGCAAQRRg5Mg8IARAuGEMYsQMYgAQYigUyEggCEAAYQxiDARixAxiABBiKBTIMCAMQABhDGIAEGIoFMgwIBBAuGEMYgAQYigUyDAgFEAAYQxiABBiKBTIMCAYQABhDGIAEGIoFMgwIBxAAGEMYgAQYigUyDAgIEC4YQxiABBiKBTIHCAkQABiPAtIBCDIzOTZqMGo3qAIAsAIA&sourceid=chrome&ie=UTF-8#sie=m;/g/11x31w9rxw;2;/m/05rqc6;dt;fp;1;;;&wptab=si:APYL9bsdvePlUvFpoma5fMvhOQ6bvXM76DvGLQOhfQo6Zp3kxNoH6BKiFU3NUK-DDCMYUl50O50je6Y_pgRm3IpRsSlYbsKls-YEcu9yYUL2YnmVQ4YudYQ4Y_xxEGvPHR77C-QcPNH5WvlitVIR5ZYdbAZVvWMLJTZmK6oNMnncDz8Mrq06dX6aa30hIjW-q5rb9CscDuJConpOgcFJG-sPYdko5LQuTdVKpADGBm_NMJ0ylPjcjd4agiHfy9Bym0_emELx_dn5
Atlético Mineiro,https://www.google.com/search?gs_ssp=eJzj4tTP1TcwtMw1qzJg9BJILMlJLclMzlfIzcxLzSzKBwCAdgmJ&q=atletico+mineiro&rlz=1C1ALOY_esCO1035CO1035&oq=at&gs_lcrp=EgZjaHJvbWUqDAgBEC4YJxiABBiKBTIGCAAQRRg5MgwIARAuGCcYgAQYigUyDQgCEC4YgwEYsQMYgAQyEggDEC4YQxiDARixAxiABBiKBTIMCAQQLhhDGIAEGIoFMgYIBRBFGD0yBggGEEUYPTIGCAcQRRg90gEIMzQ1M2owajeoAgCwAgA&sourceid=chrome&ie=UTF-8#sie=t;/m/019m6z;2;/m/0fnk7q;bbbs;hd;;;;2025-07-19T12:00:00Z&wptab=si:APYL9bsdvePlUvFpoma5fMvhOQ6bvXM76DvGLQOhfQo6Zp3kxNoH6BKiFU3NUK-DDCMYUl50O50je6Y_pgRm3IpRsSlYbsKls-YEcu9yYUL2YnmVQ4YudYQ4Y_xxEGvPHR77C-QcPNH5WvlitVIR5ZYdbAZVZWkgd0aCi66PHIggmMD2ls1CmAQhS_aD9Kcs0tpHk7MDjyALJJcmv4O2pQA-0IS8-6QHeHGG-OmSK_gJTmYEO3-iJwY%3D,https://www.google.com/search?gs_ssp=eJzj4tTP1TcwtMw1qzJg9BJILMlJLclMzlfIzcxLzSzKBwCAdgmJ&q=atletico+mineiro&rlz=1C1ALOY_esCO1035CO1035&oq=at&gs_lcrp=EgZjaHJvbWUqDAgBEC4YJxiABBiKBTIGCAAQRRg5MgwIARAuGCcYgAQYigUyDQgCEC4YgwEYsQMYgAQyEggDEC4YQxiDARixAxiABBiKBTIMCAQQLhhDGIAEGIoFMgYIBRBFGD0yBggGEEUYPTIGCAcQRRg90gEIMzQ1M2owajeoAgCwAgA&sourceid=chrome&ie=UTF-8#sie=m;/g/11x2_0zf71;2;/m/05kyw6;dt;fp;1;;;&wptab=si:APYL9bsdvePlUvFpoma5fMvhOQ6bvXM76DvGLQOhfQo6Zp3kxNoH6BKiFU3NUK-DDCMYUl50O50je6Y_pgRm3IpRsSlYbsKls-YEcu9yYUL2YnmVQ4YudYQ4Y_xxEGvPHR77C-QcPNH5WvlitVIR5ZYdbAZVZWkgd0aCi66PHIggmMD2ls1CmAQhS_aD9Kcs0tpHk7MDjyALJJcmv4O2pQA-0IS8-6QHeHGG-OmSK_gJTmYEO3-iJwY%3D
Friburgo,https://www.google.com/search?gs_ssp=eJzj4tTP1TcwNcwzNDZg9OIuTlZIK0rNTCotSgcATh4HGQ&q=sc+freiburg&rlz=1C1ALOY_esCO1035CO1035&oq=sc+fre&gs_lcrp=EgZjaHJvbWUqDwgBEC4YQxixAxiABBiKBTIGCAAQRRg5Mg8IARAuGEMYsQMYgAQYigUyDAgCEC4YQxiABBiKBTIHCAMQABiABDIHCAQQABiABDIMCAUQABhDGIAEGIoFMgcIBhAAGIAEMgcIBxAAGIAEMgcICBAAGIAE0gEIMzIwNWowajmoAgCwAgE&sourceid=chrome&ie=UTF-8#sie=t;/m/051n13;2;/m/037169;bbbs;hd;;;;2025-05-17T13:30:00Z&wptab=si:APYL9bsdvePlUvFpoma5fMvhOQ6bvXM76DvGLQOhfQo6Zp3kxNoH6BKiFU3NUK-DDCMYUl50O50je6Y_pgRm3IpRsSlYbsKls-YEcu9yYUL2YnmVQ4YudYQ4Y_xxEGvPHR77C-QcPNH5WvlitVIR5ZYdbAZVVQX-mhbZop_dGqblDiogaMGfiTLvlRIzsKJn_sPqKe9O4DjBw7qJLwRcHGpmSt4J1Nw5iumLPdMAx6a7OegrrFu02I8%3D,https://www.google.com/search?gs_ssp=eJzj4tTP1TcwNcwzNDZg9OIuTlZIK0rNTCotSgcATh4HGQ&q=sc+freiburg&rlz=1C1ALOY_esCO1035CO1035&oq=sc+fre&gs_lcrp=EgZjaHJvbWUqDwgBEC4YQxixAxiABBiKBTIGCAAQRRg5Mg8IARAuGEMYsQMYgAQYigUyDAgCEC4YQxiABBiKBTIHCAMQABiABDIHCAQQABiABDIMCAUQABhDGIAEGIoFMgcIBhAAGIAEMgcIBxAAGIAEMgcICBAAGIAE0gEIMzIwNWowajmoAgCwAgE&sourceid=chrome&ie=UTF-8#sie=m;/g/11y668zcry;2;/m/037169;dt;fp;1;;;&wptab=si:APYL9bsdvePlUvFpoma5fMvhOQ6bvXM76DvGLQOhfQo6Zp3kxNoH6BKiFU3NUK-DDCMYUl50O50je6Y_pgRm3IpRsSlYbsKls-YEcu9yYUL2YnmVQ4YudYQ4Y_xxEGvPHR77C-QcPNH5WvlitVIR5ZYdbAZVVQX-mhbZop_dGqblDiogaMGfiTLvlRIzsKJn_sPqKe9O4DjBw7qJLwRcHGpmSt4J1Nw5iumLPdMAx6a7OegrrFu02I8%3D
FC Union Berlin,https://www.google.com/search?q=fc+union+berlin&rlz=1C1ALOY_esCO1035CO1035&oq=fc+union+berlin&gs_lcrp=EgZjaHJvbWUyBggAEEUYOTIHCAEQLhiABDIMCAIQIxgnGIAEGIoFMgcIAxAAGIAEMgcIBBAAGIAEMgcIBRAAGIAEMgcIBhAAGIAEMgcIBxAAGIAEMgcICBAAGIAEMgcICRAAGIAE0gEINzgyNmowajeoAgCwAgA&sourceid=chrome&ie=UTF-8#sie=t;/m/0264v8r;2;/m/037169;bbbs;hd;;;;2025-05-17T13:30:00Z&wptab=si:APYL9buA3KKcsw3wGt-6FjQ-zfm_3HpmSoBelfkO9MczsxsNbSvfXD13dQHjEy9zxNMNCOtEtfLETNyn-36sazRfBea35jMUr18heGeCzeWGIgYpe1IIdZmsCkHPYvcNz4H7hlLYbRK3Uk4-73EHUDZvODASG8jR1bYNAan57cZv_7LReXR80XfGYqR6TfWLBSLhW5POJzwZbyy-_AJ5gtZ01D9ll9gYsrlFVaAFgcQqwZOe4D8lLpU%3D,https://www.google.com/search?q=fc+union+berlin&rlz=1C1ALOY_esCO1035CO1035&oq=fc+union+berlin&gs_lcrp=EgZjaHJvbWUyBggAEEUYOTIHCAEQLhiABDIMCAIQIxgnGIAEGIoFMgcIAxAAGIAEMgcIBBAAGIAEMgcIBRAAGIAEMgcIBhAAGIAEMgcIBxAAGIAEMgcICBAAGIAEMgcICRAAGIAE0gEINzgyNmowajeoAgCwAgA&sourceid=chrome&ie=UTF-8#sie=m;/g/11y668wdvw;2;/m/037169;dt;fp;1;;;&wptab=si:APYL9buA3KKcsw3wGt-6FjQ-zfm_3HpmSoBelfkO9MczsxsNbSvfXD13dQHjEy9zxNMNCOtEtfLETNyn-36sazRfBea35jMUr18heGeCzeWGIgYpe1IIdZmsCkHPYvcNz4H7hlLYbRK3Uk4-73EHUDZvODASG8jR1bYNAan57cZv_7LReXR80XfGYqR6TfWLBSLhW5POJzwZbyy-_AJ5gtZ01D9ll9gYsrlFVaAFgcQqwZOe4D8lLpU%3D
Dortmund,https://www.google.com/search?gs_ssp=eJzj4tTP1TcwLI9PMTNg9OJIyi8qLS7OTAQAQlQGmw&q=borussia&rlz=1C1ALOY_esCO1035CO1035&oq=boru&gs_lcrp=EgZjaHJvbWUqDAgBEC4YJxiABBiKBTIGCAAQRRg5MgwIARAuGCcYgAQYigUyEggCEC4YQxiDARixAxiABBiKBTISCAMQABhDGIMBGLEDGIAEGIoFMgoIBBAAGLEDGIAEMgwIBRAuGEMYgAQYigUyCggGEAAYsQMYgAQyBggHEAAYAzIICAgQABgDGAoyCQgJECMYJxiPAtIBCDIyMjBqMGo5qAIAsAIA&sourceid=chrome&ie=UTF-8#sie=t;/m/01w_d6;2;/m/037169;bbbs;hd;;;;2025-06-25T19:00:00Z&wptab=si:APYL9bsdvePlUvFpoma5fMvhOQ6bvXM76DvGLQOhfQo6Zp3kxNoH6BKiFU3NUK-DDCMYUl50O50je6Y_pgRm3IpRsSlYbsKls-YEcu9yYUL2YnmVQ4YudYQ4Y_xxEGvPHR77C-QcPNH5WvlitVIR5ZYdbAZVIOspnuUKxcGFhvX4d_F1eWbhQA8L_IR49TP0Qx4PyNJluV1BqnAa24sGCvXRxKQmTVb-FsW5xhPY6Y0PpY4ZbIfXmQo%3D,https://www.google.com/search?gs_ssp=eJzj4tTP1TcwLI9PMTNg9OJIyi8qLS7OTAQAQlQGmw&q=borussia&rlz=1C1ALOY_esCO1035CO1035&oq=boru&gs_lcrp=EgZjaHJvbWUqDAgBEC4YJxiABBiKBTIGCAAQRRg5MgwIARAuGCcYgAQYigUyEggCEC4YQxiDARixAxiABBiKBTISCAMQABhDGIMBGLEDGIAEGIoFMgoIBBAAGLEDGIAEMgwIBRAuGEMYgAQYigUyCggGEAAYsQMYgAQyBggHEAAYAzIICAgQABgDGAoyCQgJECMYJxiPAtIBCDIyMjBqMGo5qAIAsAIA&sourceid=chrome&ie=UTF-8#sie=m;/g/11y6691qwg;2;/m/037169;dt;fp;1;;;&wptab=si:APYL9bsdvePlUvFpoma5fMvhOQ6bvXM76DvGLQOhfQo6Zp3kxNoH6BKiFU3NUK-DDCMYUl50O50je6Y_pgRm3IpRsSlYbsKls-YEcu9yYUL2YnmVQ4YudYQ4Y_xxEGvPHR77C-QcPNH5WvlitVIR5ZYdbAZVIOspnuUKxcGFhvX4d_F1eWbhQA8L_IR49TP0Qx4PyNJluV1BqnAa24sGCvXRxKQmTVb-FsW5xhPY6Y0PpY4ZbIfXmQo%3D
Mainz 05,https://www.google.com/search?gs_ssp=eJzj4tTP1TcwNSwsyzNg9GLNTczMqwIAL_EFaQ&q=mainz&rlz=1C1ALOY_esCO1035CO1035&oq=main&gs_lcrp=EgZjaHJvbWUqDwgBEC4YQxixAxiABBiKBTIGCAAQRRg5Mg8IARAuGEMYsQMYgAQYigUyDAgCEAAYQxiABBiKBTIMCAMQABhDGIAEGIoFMhIIBBAuGEMYgwEYsQMYgAQYigUyBggFEEUYPTIGCAYQRRg8MgYIBxBFGDzSAQgyOTEzajBqN6gCALACAA&sourceid=chrome&ie=UTF-8#sie=t;/m/051qvn;2;/m/037169;bbbs;hd;;;;2025-05-17T13:30:00Z&wptab=si:APYL9bsdvePlUvFpoma5fMvhOQ6bvXM76DvGLQOhfQo6Zp3kxNoH6BKiFU3NUK-DDCMYUl50O50je6Y_pgRm3IpRsSlYbsKls-YEcu9yYUL2YnmVQ4YudYQ4Y_xxEGvPHR77C-QcPNH5WvlitVIR5ZYdbAZVW_YtpFKJGx41NAM0VKg6EryeiPP4TNSpqQWho063Nj_hu9xQPinL6Iu9RwGoZAJtfhXhVcRnmiEk6OXUL6LGt_Oat5s%3D,https://www.google.com/search?gs_ssp=eJzj4tTP1TcwNSwsyzNg9GLNTczMqwIAL_EFaQ&q=mainz&rlz=1C1ALOY_esCO1035CO1035&oq=main&gs_lcrp=EgZjaHJvbWUqDwgBEC4YQxixAxiABBiKBTIGCAAQRRg5Mg8IARAuGEMYsQMYgAQYigUyDAgCEAAYQxiABBiKBTIMCAMQABhDGIAEGIoFMhIIBBAuGEMYgwEYsQMYgAQYigUyBggFEEUYPTIGCAYQRRg8MgYIBxBFGDzSAQgyOTEzajBqN6gCALACAA&sourceid=chrome&ie=UTF-8#sie=m;/g/11y668zcry;2;/m/037169;dt;fp;1;;;&wptab=si:APYL9bsdvePlUvFpoma5fMvhOQ6bvXM76DvGLQOhfQo6Zp3kxNoH6BKiFU3NUK-DDCMYUl50O50je6Y_pgRm3IpRsSlYbsKls-YEcu9yYUL2YnmVQ4YudYQ4Y_xxEGvPHR77C-QcPNH5WvlitVIR5ZYdbAZVW_YtpFKJGx41NAM0VKg6EryeiPP4TNSpqQWho063Nj_hu9xQPinL6Iu9RwGoZAJtfhXhVcRnmiEk6OXUL6LGt_Oat5s%3D
Getafe,https://www.google.com/search?gs_ssp=eJzj4tTP1TcwLkm2SDFg9GJLTy1JTEsFADUTBaI&q=getafe&rlz=1C1ALOY_esCO1035CO1035&oq=getafe&gs_lcrp=EgZjaHJvbWUqDwgBEC4YQxixAxiABBiKBTIHCAAQABiPAjIPCAEQLhhDGLEDGIAEGIoFMg8IAhAAGEMYsQMYgAQYigUyDAgDEAAYQxiABBiKBTIMCAQQABhDGIAEGIoFMgYIBRAAGAMyDAgGEAAYQxiABBiKBTIMCAcQABgUGIcCGIAEMgwICBAAGEMYgAQYigUyDAgJEAAYQxiABBiKBdIBCDI5MjVqMGo5qAIAsAIA&sourceid=chrome&ie=UTF-8#sie=t;/m/03tc8d;2;/m/09gqx;bbbs;hd;;;;2025-05-25T12:00:00Z&wptab=si:APYL9bsdvePlUvFpoma5fMvhOQ6bvXM76DvGLQOhfQo6Zp3kxNoH6BKiFU3NUK-DDCMYUl50O50je6Y_pgRm3IpRsSlYbsKls-YEcu9yYUL2YnmVQ4YudYQ4Y_xxEGvPHR77C-QcPNH5WvlitVIR5ZYdbAZVuR-z7oHeuq8yc02M2bn7JL48aGApx5NvunHcgqCy7AkyxuaJdauQZhP6Ff_A1FfbZLME-C7Swf4ldS9GmLoDiqjqE2I%3D,https://www.google.com/search?gs_ssp=eJzj4tTP1TcwLkm2SDFg9GJLTy1JTEsFADUTBaI&q=getafe&rlz=1C1ALOY_esCO1035CO1035&oq=getafe&gs_lcrp=EgZjaHJvbWUqDwgBEC4YQxixAxiABBiKBTIHCAAQABiPAjIPCAEQLhhDGLEDGIAEGIoFMg8IAhAAGEMYsQMYgAQYigUyDAgDEAAYQxiABBiKBTIMCAQQABhDGIAEGIoFMgYIBRAAGAMyDAgGEAAYQxiABBiKBTIMCAcQABgUGIcCGIAEMgwICBAAGEMYgAQYigUyDAgJEAAYQxiABBiKBdIBCDI5MjVqMGo5qAIAsAIA&sourceid=chrome&ie=UTF-8#sie=m;/g/11w3rx_z41;2;/m/09gqx;dt;fp;1;;;&wptab=si:APYL9bsdvePlUvFpoma5fMvhOQ6bvXM76DvGLQOhfQo6Zp3kxNoH6BKiFU3NUK-DDCMYUl50O50je6Y_pgRm3IpRsSlYbsKls-YEcu9yYUL2YnmVQ4YudYQ4Y_xxEGvPHR77C-QcPNH5WvlitVIR5ZYdbAZVuR-z7oHeuq8yc02M2bn7JL48aGApx5NvunHcgqCy7AkyxuaJdauQZhP6Ff_A1FfbZLME-C7Swf4ldS9GmLoDiqjqE2I%3D
Villarreal,https://www.google.com/search?q=Villarreal+Club+de+F%C3%BAtbol&rlz=1C1ALOY_esCO1035CO1035&oq=vil&gs_lcrp=EgZjaHJvbWUqEwgCEEUYJxg7GEYY_QEYgAQYigUyBggAEEUYOTIPCAEQLhhDGLEDGIAEGIoFMhMIAhBFGCcYOxhGGP0BGIAEGIoFMgwIAxAjGCcYgAQYigUyBggEEEUYPDIGCAUQRRg8MgYIBhBFGD0yBggHEEUYQdIBCDE4OTlqMGo5qAIAsAIA&sourceid=chrome&ie=UTF-8#sie=t;/m/03tck1;2;/m/09gqx;bbbs;hd;;;;2025-05-25T12:00:00Z&wptab=si:APYL9bsdvePlUvFpoma5fMvhOQ6bvXM76DvGLQOhfQo6Zp3kxNoH6BKiFU3NUK-DDCMYUl50O50je6Y_pgRm3IpRsSlYbsKls-YEcu9yYUL2YnmVQ4YudYQ4Y_xxEGvPHR77C-QcPNH5WvlitVIR5ZYdbAZVMb7uO3XbldNGR1J5v4JwFZpGiiMXuuBvKTexeaMvdE_KsvmdaMAY-NZuqJyBiagCQ5qGK8TxDdYdCvX4bc6a4CoxFVFZoQzn8jq4BYATfsz_gOQp,https://www.google.com/search?q=Villarreal+Club+de+F%C3%BAtbol&rlz=1C1ALOY_esCO1035CO1035&oq=vil&gs_lcrp=EgZjaHJvbWUqEwgCEEUYJxg7GEYY_QEYgAQYigUyBggAEEUYOTIPCAEQLhhDGLEDGIAEGIoFMhMIAhBFGCcYOxhGGP0BGIAEGIoFMgwIAxAjGCcYgAQYigUyBggEEEUYPDIGCAUQRRg8MgYIBhBFGD0yBggHEEUYQdIBCDE4OTlqMGo5qAIAsAIA&sourceid=chrome&ie=UTF-8#sie=m;/g/11y5mknvdx;2;/m/09gqx;dt;fp;1;;;&wptab=si:APYL9bsdvePlUvFpoma5fMvhOQ6bvXM76DvGLQOhfQo6Zp3kxNoH6BKiFU3NUK-DDCMYUl50O50je6Y_pgRm3IpRsSlYbsKls-YEcu9yYUL2YnmVQ4YudYQ4Y_xxEGvPHR77C-QcPNH5WvlitVIR5ZYdbAZVMb7uO3XbldNGR1J5v4JwFZpGiiMXuuBvKTexeaMvdE_KsvmdaMAY-NZuqJyBiagCQ5qGK8TxDdYdCvX4bc6a4CoxFVFZoQzn8jq4BYATfsz_gOQp
Barcelona,https://www.google.com/search?q=barcelona+vs&rlz=1C1GCEU_esCO1153CO1153&oq=barcelona&gs_lcrp=EgZjaHJvbWUqEQgCECMYJxhGGP0BGIAEGIoFMgYIABBFGDkyCggBEC4YsQMYgAQyEQgCECMYJxhGGP0BGIAEGIoFMgwIAxAjGCcYgAQYigUyEggEEAAYFBiDARiHAhixAxiABDIKCAUQABixAxiABDIQCAYQABiDARixAxiABBiKBTIQCAcQABiDARixAxiABBiKBTIQCAgQLhiDARixAxiABBiKBTIKCAkQABixAxiABNIBCDM3NTBqMGo5qAIAsAIA&sourceid=chrome&ie=UTF-8#sie=t;/m/0hvgt;2;/m/09gqx;bbbs;hd;;;;2025-05-25T12:00:00Z&wptab=si:APYL9btp3RF4rMteeKUUGnuEThopwi3n8zDPOUD_15eeNqymofjNp8Ggx03jTIB85JK2xfZX-PN_WHJ87reP5LTehwdvvpHWqUIShAMRBH0NlhoWnBaeEyQqXqVwveDRKb-hXLnQjhPkLs5mAmJzxKJK7FN7tvla_6XW9lueK1Korhas_W2W0N1jPzWYi1E8rOqQdI6PcrxhCzVRdXxHNvrQL2tCCjDpK7T2Y22JPIpQRor-bsPfdKY%3D,https://www.google.com/search?q=barcelona+vs&rlz=1C1GCEU_esCO1153CO1153&oq=barcelona&gs_lcrp=EgZjaHJvbWUqEQgCECMYJxhGGP0BGIAEGIoFMgYIABBFGDkyCggBEC4YsQMYgAQyEQgCECMYJxhGGP0BGIAEGIoFMgwIAxAjGCcYgAQYigUyEggEEAAYFBiDARiHAhixAxiABDIKCAUQABixAxiABDIQCAYQABiDARixAxiABBiKBTIQCAcQABiDARixAxiABBiKBTIQCAgQLhiDARixAxiABBiKBTIKCAkQABixAxiABNIBCDM3NTBqMGo5qAIAsAIA&sourceid=chrome&ie=UTF-8#sie=m;/g/11y5mkqd4p;2;/m/09gqx;dt;fp;1;;;&wptab=si:APYL9btp3RF4rMteeKUUGnuEThopwi3n8zDPOUD_15eeNqymofjNp8Ggx03jTIB85JK2xfZX-PN_WHJ87reP5LTehwdvvpHWqUIShAMRBH0NlhoWnBaeEyQqXqVwveDRKb-hXLnQjhPkLs5mAmJzxKJK7FN7tvla_6XW9lueK1Korhas_W2W0N1jPzWYi1E8rOqQdI6PcrxhCzVRdXxHNvrQL2tCCjDpK7T2Y22JPIpQRor-bsPfdKY%3D
Girona,https://www.google.com/search?gs_ssp=eJzj4tTP1TdILrYoTjJg9GJLzyzKz0sEADiWBfM&q=girona&rlz=1C1ALOY_esCO1035CO1035&oq=gir&gs_lcrp=EgZjaHJvbWUqDwgBEC4YQxixAxiABBiKBTIGCAAQRRg5Mg8IARAuGEMYsQMYgAQYigUyDAgCECMYJxiABBiKBTIGCAMQIxgnMhIIBBAAGEMYgwEYsQMYgAQYigUyDAgFEAAYQxiABBiKBTIPCAYQABhDGLEDGIAEGIoFMgYIBxBFGDzSAQgzMDgzajBqN6gCALACAA&sourceid=chrome&ie=UTF-8#sie=t;/m/0cs8sb;2;/m/09gqx;bbbs;hd;;;;2025-05-25T12:00:00Z&wptab=si:APYL9bsdvePlUvFpoma5fMvhOQ6bvXM76DvGLQOhfQo6Zp3kxNoH6BKiFU3NUK-DDCMYUl50O50je6Y_pgRm3IpRsSlYbsKls-YEcu9yYUL2YnmVQ4YudYQ4Y_xxEGvPHR77C-QcPNH5WvlitVIR5ZYdbAZVaPzutTXvPrz7_HfksLGU327jPa5NUfZvHmGxrIlPf_DpHBublaPW8BOxr81D9yztkqoRBK8joBa2xl57tHnnEhR6dHU%3D,https://www.google.com/search?gs_ssp=eJzj4tTP1TdILrYoTjJg9GJLzyzKz0sEADiWBfM&q=girona&rlz=1C1ALOY_esCO1035CO1035&oq=gir&gs_lcrp=EgZjaHJvbWUqDwgBEC4YQxixAxiABBiKBTIGCAAQRRg5Mg8IARAuGEMYsQMYgAQYigUyDAgCECMYJxiABBiKBTIGCAMQIxgnMhIIBBAAGEMYgwEYsQMYgAQYigUyDAgFEAAYQxiABBiKBTIPCAYQABhDGLEDGIAEGIoFMgYIBxBFGDzSAQgzMDgzajBqN6gCALACAA&sourceid=chrome&ie=UTF-8#sie=m;/g/11y5mkd_nq;2;/m/09gqx;dt;fp;1;;;&wptab=si:APYL9bsdvePlUvFpoma5fMvhOQ6bvXM76DvGLQOhfQo6Zp3kxNoH6BKiFU3NUK-DDCMYUl50O50je6Y_pgRm3IpRsSlYbsKls-YEcu9yYUL2YnmVQ4YudYQ4Y_xxEGvPHR77C-QcPNH5WvlitVIR5ZYdbAZVaPzutTXvPrz7_HfksLGU327jPa5NUfZvHmGxrIlPf_DpHBublaPW8BOxr81D9yztkqoRBK8joBa2xl57tHnnEhR6dHU%3D
Betis,https://www.google.com/search?gs_ssp=eJzj4tTP1TcwTssrzDJg9OIqSk3MUUhKLcksBgBSFQdR&q=real+betis&rlz=1C1ALOY_esCO1035CO1035&oq=real+betis&gs_lcrp=EgZjaHJvbWUqDwgBEC4YQxixAxiABBiKBTIHCAAQABiPAjIPCAEQLhhDGLEDGIAEGIoFMgwIAhAAGEMYgAQYigUyDAgDEAAYQxiABBiKBTIMCAQQABhDGIAEGIoFMg0IBRAAGIMBGLEDGIAEMgwIBhAAGEMYgAQYigUyBggHEAAYAzIHCAgQABiPAjIJCAkQIxgnGI8C0gEINDIzM2owajeoAgCwAgA&sourceid=chrome&ie=UTF-8#sie=t;/m/03fnqj;2;/m/09gqx;bbbs;hd;;;;2025-05-25T12:00:00Z&wptab=si:APYL9bsdvePlUvFpoma5fMvhOQ6bvXM76DvGLQOhfQo6Zp3kxNoH6BKiFU3NUK-DDCMYUl50O50je6Y_pgRm3IpRsSlYbsKls-YEcu9yYUL2YnmVQ4YudYQ4Y_xxEGvPHR77C-QcPNH5WvlitVIR5ZYdbAZVzfbI6lMKGsuw68mJtfi9XxupqqCXs0_jaN6CHRHsDwsdQ5rY-lfGv3Dswzsu0L3D4wpdbg%3D%3D,https://www.google.com/search?gs_ssp=eJzj4tTP1TcwTssrzDJg9OIqSk3MUUhKLcksBgBSFQdR&q=real+betis&rlz=1C1ALOY_esCO1035CO1035&oq=real+betis&gs_lcrp=EgZjaHJvbWUqDwgBEC4YQxixAxiABBiKBTIHCAAQABiPAjIPCAEQLhhDGLEDGIAEGIoFMgwIAhAAGEMYgAQYigUyDAgDEAAYQxiABBiKBTIMCAQQABhDGIAEGIoFMg0IBRAAGIMBGLEDGIAEMgwIBhAAGEMYgAQYigUyBggHEAAYAzIHCAgQABiPAjIJCAkQIxgnGI8C0gEINDIzM2owajeoAgCwAgA&sourceid=chrome&ie=UTF-8#sie=m;/g/11y5mkkbsr;2;/m/09gqx;dt;fp;1;;;&wptab=si:APYL9bsdvePlUvFpoma5fMvhOQ6bvXM76DvGLQOhfQo6Zp3kxNoH6BKiFU3NUK-DDCMYUl50O50je6Y_pgRm3IpRsSlYbsKls-YEcu9yYUL2YnmVQ4YudYQ4Y_xxEGvPHR77C-QcPNH5WvlitVIR5ZYdbAZVzfbI6lMKGsuw68mJtfi9XxupqqCXs0_jaN6CHRHsDwsdQ5rY-lfGv3Dswzsu0L3D4wpdbg%3D%3D
Sevilla,https://www.google.com/search?q=sevilla+fc&rlz=1C1ALOY_esCO1035CO1035&oq=Sevilla&gs_lcrp=EgZjaHJvbWUqEggAEAAYQxjjAhixAxiABBiKBTISCAAQABhDGOMCGLEDGIAEGIoFMg8IARAuGEMYsQMYgAQYigUyDwgCEC4YQxixAxiABBiKBTISCAMQABhDGIMBGLEDGIAEGIoFMhIIBBAuGEMYgwEYsQMYgAQYigUyDwgFEAAYQxixAxiABBiKBTISCAYQLhhDGIMBGLEDGIAEGIoFMgwIBxAAGEMYgAQYigUyDAgIEAAYQxiABBiKBTIMCAkQABhDGIAEGIoF0gEIMTM3NGowajmoAgCwAgA&sourceid=chrome&ie=UTF-8#sie=t;/m/01k9cc;2;/m/09gqx;bbbs;hd;;;;2025-05-25T12:00:00Z&wptab=si:APYL9bsdvePlUvFpoma5fMvhOQ6bvXM76DvGLQOhfQo6Zp3kxNoH6BKiFU3NUK-DDCMYUl50O50je6Y_pgRm3IpRsSlYbsKls-YEcu9yYUL2YnmVQ4YudYQ4Y_xxEGvPHR77C-QcPNH5WvlitVIR5ZYdbAZVfFjbSyeCD97WeMBCQUAE6N3kMWw74dMZCJGj5EUrnU_oYeoosriFhfAtkA2GC2dfsNv-sB2S_gKrRiHqPXqVbdi2a4M%3D,https://www.google.com/search?q=sevilla+fc&rlz=1C1ALOY_esCO1035CO1035&oq=Sevilla&gs_lcrp=EgZjaHJvbWUqEggAEAAYQxjjAhixAxiABBiKBTISCAAQABhDGOMCGLEDGIAEGIoFMg8IARAuGEMYsQMYgAQYigUyDwgCEC4YQxixAxiABBiKBTISCAMQABhDGIMBGLEDGIAEGIoFMhIIBBAuGEMYgwEYsQMYgAQYigUyDwgFEAAYQxixAxiABBiKBTISCAYQLhhDGIMBGLEDGIAEGIoFMgwIBxAAGEMYgAQYigUyDAgIEAAYQxiABBiKBTIMCAkQABhDGIAEGIoF0gEIMTM3NGowajmoAgCwAgA&sourceid=chrome&ie=UTF-8#sie=m;/g/11w1j0vrnq;2;/m/09gqx;dt;fp;1;;;&wptab=si:APYL9bsdvePlUvFpoma5fMvhOQ6bvXM76DvGLQOhfQo6Zp3kxNoH6BKiFU3NUK-DDCMYUl50O50je6Y_pgRm3IpRsSlYbsKls-YEcu9yYUL2YnmVQ4YudYQ4Y_xxEGvPHR77C-QcPNH5WvlitVIR5ZYdbAZVfFjbSyeCD97WeMBCQUAE6N3kMWw74dMZCJGj5EUrnU_oYeoosriFhfAtkA2GC2dfsNv-sB2S_gKrRiHqPXqVbdi2a4M%3D
Napoli,https://www.google.com/search?gs_ssp=eJzj4tTP1TcwsahItzBg9GLLSyzIz8kEADN7BZY&q=napoli&rlz=1C1ALOY_esCO1035CO1035&oq=Napoles&gs_lcrp=EgZjaHJvbWUqDAgDEC4YChixAxiABDIHCAAQABiPAjIMCAEQLhhDGIAEGIoFMgYIAhBFGDkyDAgDEC4YChixAxiABDIOCAQQABgKGEMYgAQYigUyEggFEAAYChiDARixAxiABBiKBTIPCAYQABgKGIMBGLEDGIAEMgcIBxAAGIAEMgkICBAAGAoYgAQyCAgJEAAYAxgK0gEINTU1MWowajmoAgCwAgDxBYws6pSG8-lv&sourceid=chrome&ie=UTF-8#sie=t;/m/048xg8;2;/m/03zv9;bbbs;hd;;;;2025-05-25T13:00:00Z&wptab=si:APYL9bsdvePlUvFpoma5fMvhOQ6bvXM76DvGLQOhfQo6Zp3kxNoH6BKiFU3NUK-DDCMYUl50O50je6Y_pgRm3IpRsSlYbsKls-YEcu9yYUL2YnmVQ4YudYQ4Y_xxEGvPHR77C-QcPNH5WvlitVIR5ZYdbAZVnuvYtLp8Jvuc_c2ktDgA9mt2N90s7ib0Pz5ldtd8puNNMmiR7J3lEwCV4RTAfmKsQz4q3vppqzXf1uYl8BGRiULsRMg%3D,https://www.google.com/search?gs_ssp=eJzj4tTP1TcwsahItzBg9GLLSyzIz8kEADN7BZY&q=napoli&rlz=1C1ALOY_esCO1035CO1035&oq=Napoles&gs_lcrp=EgZjaHJvbWUqDAgDEC4YChixAxiABDIHCAAQABiPAjIMCAEQLhhDGIAEGIoFMgYIAhBFGDkyDAgDEC4YChixAxiABDIOCAQQABgKGEMYgAQYigUyEggFEAAYChiDARixAxiABBiKBTIPCAYQABgKGIMBGLEDGIAEMgcIBxAAGIAEMgkICBAAGAoYgAQyCAgJEAAYAxgK0gEINTU1MWowajmoAgCwAgDxBYws6pSG8-lv&sourceid=chrome&ie=UTF-8#sie=m;/g/11y667lbj0;2;/m/03zv9;dt;fp;1;;;&wptab=si:APYL9bsdvePlUvFpoma5fMvhOQ6bvXM76DvGLQOhfQo6Zp3kxNoH6BKiFU3NUK-DDCMYUl50O50je6Y_pgRm3IpRsSlYbsKls-YEcu9yYUL2YnmVQ4YudYQ4Y_xxEGvPHR77C-QcPNH5WvlitVIR5ZYdbAZVnuvYtLp8Jvuc_c2ktDgA9mt2N90s7ib0Pz5ldtd8puNNMmiR7J3lEwCV4RTAfmKsQz4q3vppqzXf1uYl8BGRiULsRMg%3D
Milan,https://www.google.com/search?gs_ssp=eJzj4tDP1TcwNCwzNmD0Ys3NzEnMAwAmnwSq&q=milan&rlz=1C1ALOY_esCO1035CO1035&oq=Milan&gs_lcrp=EgZjaHJvbWUqDAgBEC4YQxiABBiKBTIRCAAQRRg5GEMY4wIYgAQYigUyDAgBEC4YQxiABBiKBTIMCAIQABhDGIAEGIoFMgwIAxAAGEMYgAQYigUyDAgEEAAYQxiABBiKBTIMCAUQABhDGIAEGIoFMgwIBhAuGEMYgAQYigUyDAgHEAAYQxiABBiKBTIMCAgQABhDGIAEGIoFMgwICRAAGEMYgAQYigXSAQgyMDAxajBqN6gCALACAA&sourceid=chrome&ie=UTF-8#sie=t;/m/011v3;2;/m/03zv9;bbbs;hd;;;;2025-05-25T13:00:00Z&wptab=si:APYL9btp3RF4rMteeKUUGnuEThopwi3n8zDPOUD_15eeNqymofjNp8Ggx03jTIB85JK2xfZX-PN_WHJ87reP5LTehwdvvpHWqUIShAMRBH0NlhoWnBaeEyQqXqVwveDRKb-hXLnQjhPkLs5mAmJzxKJK7FN78jgfl92U76Ke6fekp_pAsq62QnBRSyi_XrXbmE9TVGhRvrLxxkzXeRt4dAgyY0YjrK9__RFhBwOTu-lK_CbL4p2_lHU%3D,https://www.google.com/search?gs_ssp=eJzj4tDP1TcwNCwzNmD0Ys3NzEnMAwAmnwSq&q=milan&rlz=1C1ALOY_esCO1035CO1035&oq=Milan&gs_lcrp=EgZjaHJvbWUqDAgBEC4YQxiABBiKBTIRCAAQRRg5GEMY4wIYgAQYigUyDAgBEC4YQxiABBiKBTIMCAIQABhDGIAEGIoFMgwIAxAAGEMYgAQYigUyDAgEEAAYQxiABBiKBTIMCAUQABhDGIAEGIoFMgwIBhAuGEMYgAQYigUyDAgHEAAYQxiABBiKBTIMCAgQABhDGIAEGIoFMgwICRAAGEMYgAQYigXSAQgyMDAxajBqN6gCALACAA&sourceid=chrome&ie=UTF-8#sie=m;/g/11w26cz033;2;/m/03zv9;dt;fp;1;;;&wptab=si:APYL9btp3RF4rMteeKUUGnuEThopwi3n8zDPOUD_15eeNqymofjNp8Ggx03jTIB85JK2xfZX-PN_WHJ87reP5LTehwdvvpHWqUIShAMRBH0NlhoWnBaeEyQqXqVwveDRKb-hXLnQjhPkLs5mAmJzxKJK7FN78jgfl92U76Ke6fekp_pAsq62QnBRSyi_XrXbmE9TVGhRvrLxxkzXeRt4dAgyY0YjrK9__RFhBwOTu-lK_CbL4p2_lHU%3D
Vasco da Gama,https://www.google.com/search?rlz=1C1ALOY_esCO1035CO1035&sca_esv=74bce80ea0aca5bc&cs=1&sxsrf=AHTn8zoAjXdJ2td8bcZaHoDp-A3xuhEQzw:1743360660814&q=Club+de+Regatas+Vasco+da+Gama&stick=H4sIAAAAAAAAAONgVuLUz9U3MLTMTc59xGjCLfDyxz1hKe1Ja05eY1Tl4grOyC93zSvJLKkUEudig7J4pbi5ELp4FrHKOueUJimkpCoEpaYnliQWK4QlFifnK6QkKrgn5iYCAPoZBqhkAAAA&ved=2ahUKEwi7qJPHvLKMAxXkIzQIHWRCLSsQukt6BAgCEAo#sie=t;/m/019mcm;2;/m/0fnk7q;bbbs;hd;;;;2025-07-16T12:00:00Z&wptab=si:APYL9bsdvePlUvFpoma5fMvhOQ6bvXM76DvGLQOhfQo6Zp3kxNoH6BKiFU3NUK-DDCMYUl50O50je6Y_pgRm3IpRsSlYbsKls-YEcu9yYUL2YnmVQ4YudYQ4Y_xxEGvPHR77C-QcPNH5WvlitVIR5ZYdbAZVObJmokzMm0oAAmoakfmFk-GuDdG53V0H-g3dZONZciLJixYEpSYN-zWEYW6-IHAL-6CC5SeH7eIT98x4LSCWH8F260M%3D,https://www.google.com/search?rlz=1C1ALOY_esCO1035CO1035&sca_esv=74bce80ea0aca5bc&cs=1&sxsrf=AHTn8zoAjXdJ2td8bcZaHoDp-A3xuhEQzw:1743360660814&q=Club+de+Regatas+Vasco+da+Gama&stick=H4sIAAAAAAAAAONgVuLUz9U3MLTMTc59xGjCLfDyxz1hKe1Ja05eY1Tl4grOyC93zSvJLKkUEudig7J4pbi5ELp4FrHKOueUJimkpCoEpaYnliQWK4QlFifnK6QkKrgn5iYCAPoZBqhkAAAA&ved=2ahUKEwi7qJPHvLKMAxXkIzQIHWRCLSsQukt6BAgCEAo#sie=m;/g/11x1zybsgh;2;/m/04t6ny;dt;fp;1;;;&wptab=si:APYL9bsdvePlUvFpoma5fMvhOQ6bvXM76DvGLQOhfQo6Zp3kxNoH6BKiFU3NUK-DDCMYUl50O50je6Y_pgRm3IpRsSlYbsKls-YEcu9yYUL2YnmVQ4YudYQ4Y_xxEGvPHR77C-QcPNH5WvlitVIR5ZYdbAZVObJmokzMm0oAAmoakfmFk-GuDdG53V0H-g3dZONZciLJixYEpSYN-zWEYW6-IHAL-6CC5SeH7eIT98x4LSCWH8F260M%3D
Santos,https://www.google.com/search?gs_ssp=eJzj4tTP1TcwtMypyDVg9GIrTswryS8GADYIBeM&q=santos&rlz=1C1ALOY_esCO1035CO1035&oq=santios&gs_lcrp=EgZjaHJvbWUqDAgBEC4YChixAxiABDIGCAAQRRg5MgwIARAuGAoYsQMYgAQyDAgCEAAYChixAxiABDIMCAMQLhgKGLEDGIAEMgkIBBAuGAoYgAQyCQgFEAAYChiABDIJCAYQLhgKGIAEMg8IBxAAGAoYgwEYsQMYgAQyCQgIEAAYChiABNIBCDcyNDJqMGo3qAIAsAIA&sourceid=chrome&ie=UTF-8#sie=t;/m/019lxm;2;/m/0fnk7q;bbbs;hd;;;;2025-08-16T12:00:00Z&wptab=si:APYL9bsdvePlUvFpoma5fMvhOQ6bvXM76DvGLQOhfQo6Zp3kxNoH6BKiFU3NUK-DDCMYUl50O50je6Y_pgRm3IpRsSlYbsKls-YEcu9yYUL2YnmVQ4YudYQ4Y_xxEGvPHR77C-QcPNH5WvlitVIR5ZYdbAZVZLJAik_WFZUFPObqUtpvpBP338IkYBrhSWdNyjUTaweir0tmYst0caltSTn5xlNZVQ3RRnwJRrJtrVluDVvuXlaRuYk%3D,https://www.google.com/search?gs_ssp=eJzj4tTP1TcwtMypyDVg9GIrTswryS8GADYIBeM&q=santos&rlz=1C1ALOY_esCO1035CO1035&oq=santios&gs_lcrp=EgZjaHJvbWUqDAgBEC4YChixAxiABDIGCAAQRRg5MgwIARAuGAoYsQMYgAQyDAgCEAAYChixAxiABDIMCAMQLhgKGLEDGIAEMgkIBBAuGAoYgAQyCQgFEAAYChiABDIJCAYQLhgKGIAEMg8IBxAAGAoYgwEYsQMYgAQyCQgIEAAYChiABNIBCDcyNDJqMGo3qAIAsAIA&sourceid=chrome&ie=UTF-8#sie=m;/g/11ybd7xrng;2;/m/0528td;dt;fp;1;;;&wptab=si:APYL9bsdvePlUvFpoma5fMvhOQ6bvXM76DvGLQOhfQo6Zp3kxNoH6BKiFU3NUK-DDCMYUl50O50je6Y_pgRm3IpRsSlYbsKls-YEcu9yYUL2YnmVQ4YudYQ4Y_xxEGvPHR77C-QcPNH5WvlitVIR5ZYdbAZVZLJAik_WFZUFPObqUtpvpBP338IkYBrhSWdNyjUTaweir0tmYst0caltSTn5xlNZVQ3RRnwJRrJtrVluDVvuXlaRuYk%3D
Bahía,https://www.google.com/search?q=Esporte+Clube+Bahia%0D%0A&sca_esv=bb656345beb648fb&rlz=1C1ALOY_esCO1035CO1035&sxsrf=AHTn8zov9dUU_reC6SwJ8DeUtxICEMBO-w%3A1743362755854&ei=w5rpZ9L2M62PwbkPjovW8Qs&ved=0ahUKEwiS5JuuxLKMAxWtRzABHY6FNb4Q4dUDCBA&oq=Esporte+Clube+Bahia%0D%0A&gs_lp=Egxnd3Mtd2l6LXNlcnAiFEVzcG9ydGUgQ2x1YmUgQmFoaWEKMgoQABiwAxjWBBhHMgoQABiwAxjWBBhHMgoQABiwAxjWBBhHMgoQABiwAxjWBBhHMgoQABiwAxjWBBhHMgoQABiwAxjWBBhHMgoQABiwAxjWBBhHMgoQABiwAxjWBBhHMg0QABiABBiwAxhDGIoFMg0QABiABBiwAxhDGIoFMg0QABiABBiwAxhDGIoFMg0QABiABBiwAxhDGIoFMhMQLhiABBiwAxhDGMgDGIoF2AEBMhMQLhiABBiwAxhDGMgDGIoF2AEBMhMQLhiABBiwAxhDGMgDGIoF2AEBMhMQLhiABBiwAxhDGMgDGIoF2AEBMhMQLhiABBiwAxhDGMgDGIoF2AEBSLoVUK0OWK0OcAN4AJABAJgBswGgAbMBqgEDMC4xuAEMyAEA-AEC-AEBmAIDoAI1mAMAiAYBkAYRugYGCAEQARgIkgcBM6AHkhQ&sclient=gws-wiz-serp#sie=t;/m/019mdt;2;/m/0fnk7q;bbbs;hd;;;;2025-07-16T12:00:00Z&wptab=si:APYL9bsdvePlUvFpoma5fMvhOQ6bvXM76DvGLQOhfQo6Zp3kxNoH6BKiFU3NUK-DDCMYUl50O50je6Y_pgRm3IpRsSlYbsKls-YEcu9yYUL2YnmVQ4YudYQ4Y_xxEGvPHR77C-QcPNH5WvlitVIR5ZYdbAZVzhAekQ1se7ZEY8HqV9q6ljplyU8HWpA7eE9lVNyRRh8uQpFzCjePzzkTk7PT2A2AC7OT2drkQpVRYkNxmNo2A93Lz4k%3D,https://www.google.com/search?q=Esporte+Clube+Bahia%0D%0A&sca_esv=bb656345beb648fb&rlz=1C1ALOY_esCO1035CO1035&sxsrf=AHTn8zov9dUU_reC6SwJ8DeUtxICEMBO-w%3A1743362755854&ei=w5rpZ9L2M62PwbkPjovW8Qs&ved=0ahUKEwiS5JuuxLKMAxWtRzABHY6FNb4Q4dUDCBA&oq=Esporte+Clube+Bahia%0D%0A&gs_lp=Egxnd3Mtd2l6LXNlcnAiFEVzcG9ydGUgQ2x1YmUgQmFoaWEKMgoQABiwAxjWBBhHMgoQABiwAxjWBBhHMgoQABiwAxjWBBhHMgoQABiwAxjWBBhHMgoQABiwAxjWBBhHMgoQABiwAxjWBBhHMgoQABiwAxjWBBhHMgoQABiwAxjWBBhHMg0QABiABBiwAxhDGIoFMg0QABiABBiwAxhDGIoFMg0QABiABBiwAxhDGIoFMg0QABiABBiwAxhDGIoFMhMQLhiABBiwAxhDGMgDGIoF2AEBMhMQLhiABBiwAxhDGMgDGIoF2AEBMhMQLhiABBiwAxhDGMgDGIoF2AEBMhMQLhiABBiwAxhDGMgDGIoF2AEBMhMQLhiABBiwAxhDGMgDGIoF2AEBSLoVUK0OWK0OcAN4AJABAJgBswGgAbMBqgEDMC4xuAEMyAEA-AEC-AEBmAIDoAI1mAMAiAYBkAYRugYGCAEQARgIkgcBM6AHkhQ&sclient=gws-wiz-serp#sie=m;/g/11x1gg_ktx;2;/m/07tfd2;dt;fp;1;;;&wptab=si:APYL9bsdvePlUvFpoma5fMvhOQ6bvXM76DvGLQOhfQo6Zp3kxNoH6BKiFU3NUK-DDCMYUl50O50je6Y_pgRm3IpRsSlYbsKls-YEcu9yYUL2YnmVQ4YudYQ4Y_xxEGvPHR77C-QcPNH5WvlitVIR5ZYdbAZVzhAekQ1se7ZEY8HqV9q6ljplyU8HWpA7eE9lVNyRRh8uQpFzCjePzzkTk7PT2A2AC7OT2drkQpVRYkNxmNo2A93Lz4k%3D
Corinthians,https://www.google.com/search?sca_esv=bb656345beb648fb&rlz=1C1ALOY_esCO1035CO1035&cs=1&sxsrf=AHTn8zri2O55SBO4hVz9EU5nvNuJvVTwdA:1743363160737&q=Sport+Club+Corinthians+Paulista&stick=H4sIAAAAAAAAAONgVuLUz9U3MLTMKSt7xGjCLfDyxz1hKe1Ja05eY1Tl4grOyC93zSvJLKkUEudig7J4pbi5ELp4FrHKBxfkF5UoOOeUJik45xdl5pVkZCbmFSsEJJbmZBaXJAIAzZnGKWYAAAA&ved=2ahUKEwiv15TvxbKMAxV1KUQIHXhXJf4Qukt6BAgCEAs#sie=t;/m/019lvv;2;/m/0fnk7q;bbbs;hd;;;;2025-07-16T12:00:00Z&wptab=si:APYL9bsdvePlUvFpoma5fMvhOQ6bvXM76DvGLQOhfQo6Zp3kxNoH6BKiFU3NUK-DDCMYUl50O50je6Y_pgRm3IpRsSlYbsKls-YEcu9yYUL2YnmVQ4YudYQ4Y_xxEGvPHR77C-QcPNH5WvlitVIR5ZYdbAZVbyITSKAZE4m0wdpYvXVPss_LS0gBzs1EcefQcEH2ElGyxjnkaRmlOd9XkH0In1ZkDhHA83LBQCUOhc_TRHGPdQeKZBA%3D,https://www.google.com/search?sca_esv=bb656345beb648fb&rlz=1C1ALOY_esCO1035CO1035&cs=1&sxsrf=AHTn8zri2O55SBO4hVz9EU5nvNuJvVTwdA:1743363160737&q=Sport+Club+Corinthians+Paulista&stick=H4sIAAAAAAAAAONgVuLUz9U3MLTMKSt7xGjCLfDyxz1hKe1Ja05eY1Tl4grOyC93zSvJLKkUEudig7J4pbi5ELp4FrHKBxfkF5UoOOeUJik45xdl5pVkZCbmFSsEJJbmZBaXJAIAzZnGKWYAAAA&ved=2ahUKEwiv15TvxbKMAxV1KUQIHXhXJf4Qukt6BAgCEAs#sie=m;/g/11x15_zxy5;2;/m/0528td;dt;fp;1;;;&wptab=si:APYL9bsdvePlUvFpoma5fMvhOQ6bvXM76DvGLQOhfQo6Zp3kxNoH6BKiFU3NUK-DDCMYUl50O50je6Y_pgRm3IpRsSlYbsKls-YEcu9yYUL2YnmVQ4YudYQ4Y_xxEGvPHR77C-QcPNH5WvlitVIR5ZYdbAZVbyITSKAZE4m0wdpYvXVPss_LS0gBzs1EcefQcEH2ElGyxjnkaRmlOd9XkH0In1ZkDhHA83LBQCUOhc_TRHGPdQeKZBA%3D
Athletic,https://www.google.com/search?sca_esv=0e7d64b0605ffa6f&cs=1&sxsrf=AHTn8zqrODx8zJGtDGcHZ6HRmqBTlK5nxA:1744963181373&q=Athletic+Club&stick=H4sIAAAAAAAAAONgVuLQz9U3yC4vM3rEaMwt8PLHPWEprUlrTl5jVOHiCs7IL3fNK8ksqRQS42KDsnikuLjgmngWsfI6lmTkpJZkJis455QmAQCUYMSQUgAAAA&ved=2ahUKEwjM-8e0juGMAxW8RTABHWIIArEQukt6BAgCEBY#sie=t;/m/0kwv2;2;/m/09gqx;bbbs;hd;;;;2025-05-25T12:00:00Z&wptab=si:APYL9btp3RF4rMteeKUUGnuEThopwi3n8zDPOUD_15eeNqymofjNp8Ggx03jTIB85JK2xfZX-PN_WHJ87reP5LTehwdvvpHWqUIShAMRBH0NlhoWnBaeEyQqXqVwveDRKb-hXLnQjhPkLs5mAmJzxKJK7FN77znUqY3dFv-K0a6uhdgIes5HPqas907-i9o0MnFnw1x-tNeWZLnqWHcqyA6p9G3wJrG8m0GGNAD_Wbe3zqVvYgQDZaA%3D,https://www.google.com/search?sca_esv=0e7d64b0605ffa6f&cs=1&sxsrf=AHTn8zqrODx8zJGtDGcHZ6HRmqBTlK5nxA:1744963181373&q=Athletic+Club&stick=H4sIAAAAAAAAAONgVuLQz9U3yC4vM3rEaMwt8PLHPWEprUlrTl5jVOHiCs7IL3fNK8ksqRQS42KDsnikuLjgmngWsfI6lmTkpJZkJis455QmAQCUYMSQUgAAAA&ved=2ahUKEwjM-8e0juGMAxW8RTABHWIIArEQukt6BAgCEBY#sie=m;/g/11x2y2_bqb;2;/m/01hrtp;dt;fp;1;;;&wptab=si:APYL9btp3RF4rMteeKUUGnuEThopwi3n8zDPOUD_15eeNqymofjNp8Ggx03jTIB85JK2xfZX-PN_WHJ87reP5LTehwdvvpHWqUIShAMRBH0NlhoWnBaeEyQqXqVwveDRKb-hXLnQjhPkLs5mAmJzxKJK7FN77znUqY3dFv-K0a6uhdgIes5HPqas907-i9o0MnFnw1x-tNeWZLnqWHcqyA6p9G3wJrG8m0GGNAD_Wbe3zqVvYgQDZaA%3D
Tottenham,https://www.google.com/search?gs_ssp=eJzj4tDP1TfIKMsqMmD04izJLylJzctIzAUASS8HIA&q=tottenham&rlz=1C1GCEU_esCO1148CO1148&oq=tot&gs_lcrp=EgZjaHJvbWUqDwgBEC4YQxixAxiABBiKBTIGCAAQRRg5Mg8IARAuGEMYsQMYgAQYigUyDwgCEAAYQxixAxiABBiKBTIMCAMQABhDGIAEGIoFMgwIBBAAGEMYgAQYigUyDAgFEAAYQxiABBiKBTIMCAYQABhDGIAEGIoFMgwIBxAAGEMYgAQYigUyDAgIEAAYQxiABBiKBTIHCAkQABiPAtIBCDIwMzlqMGo3qAIAsAIA&sourceid=chrome&ie=UTF-8#sie=t;/m/0hvjr;2;/m/02_tc;bbbs;hd;;;;2025-07-31T11:30:00Z&wptab=si:APYL9btp3RF4rMteeKUUGnuEThopwi3n8zDPOUD_15eeNqymofjNp8Ggx03jTIB85JK2xfZX-PN_WHJ87reP5LTehwdvvpHWqUIShAMRBH0NlhoWnBaeEyQqXqVwveDRKb-hXLnQjhPkLs5mAmJzxKJK7FN7IxN2EIErlKR5C6Cqw8qXs5QVID5mXvLXnIx7aNnLNNHKFyaug_nuN--2rpe_qhAWsRmbNt4YiotpD-2VuI28rQdidKA%3D,https://www.google.com/search?gs_ssp=eJzj4tDP1TfIKMsqMmD04izJLylJzctIzAUASS8HIA&q=tottenham&rlz=1C1GCEU_esCO1148CO1148&oq=tot&gs_lcrp=EgZjaHJvbWUqDwgBEC4YQxixAxiABBiKBTIGCAAQRRg5Mg8IARAuGEMYsQMYgAQYigUyDwgCEAAYQxixAxiABBiKBTIMCAMQABhDGIAEGIoFMgwIBBAAGEMYgAQYigUyDAgFEAAYQxiABBiKBTIMCAYQABhDGIAEGIoFMgwIBxAAGEMYgAQYigUyDAgIEAAYQxiABBiKBTIHCAkQABiPAtIBCDIwMzlqMGo3qAIAsAIA&sourceid=chrome&ie=UTF-8#sie=m;/g/11w3rv1zxv;2;/m/02_tc;dt;fp;1;;;&wptab=si:APYL9btp3RF4rMteeKUUGnuEThopwi3n8zDPOUD_15eeNqymofjNp8Ggx03jTIB85JK2xfZX-PN_WHJ87reP5LTehwdvvpHWqUIShAMRBH0NlhoWnBaeEyQqXqVwveDRKb-hXLnQjhPkLs5mAmJzxKJK7FN7IxN2EIErlKR5C6Cqw8qXs5QVID5mXvLXnIx7aNnLNNHKFyaug_nuN--2rpe_qhAWsRmbNt4YiotpD-2VuI28rQdidKA%3D
Nottingham Forest,https://www.google.com/search?sca_esv=9a8a34047ff9cda0&rlz=1C1GCEU_esCO1148CO1148&cs=1&sxsrf=AHTn8zpnF4KaIQZ0gh5NgMelk5XvA1AZ1Q:1745255462442&q=Nottingham+Forest+Football+Club&stick=H4sIAAAAAAAAAONgVuLUz9U3MDTJqyp4xGjCLfDyxz1hKe1Ja05eY1Tl4grOyC93zSvJLKkUEudig7J4pbi5ELp4FrHK--WXlGTmpWck5iq45RelFpcAqfySpMScHAXnnNIkAIQlMVFmAAAA&ved=2ahUKEwjN6YSfz-mMAxXzIUQIHbwANdAQukt6BAgCEBY#sie=t;/m/014nzp;2;/m/02_tc;bbbs;hd;;;;2025-05-25T15:00:00Z&wptab=si:APYL9bsdvePlUvFpoma5fMvhOQ6bvXM76DvGLQOhfQo6Zp3kxNoH6BKiFU3NUK-DDCMYUl50O50je6Y_pgRm3IpRsSlYbsKls-YEcu9yYUL2YnmVQ4YudYQ4Y_xxEGvPHR77C-QcPNH5WvlitVIR5ZYdbAZVtr5PI9rO9-txSo6HAi10Do3h7rDLdWMVATxDvdGkyoNeQnAya1DxRfTBPQx7rdF1wA8pS7I3qM54jEehdiW9zcYKsa8%3D,https://www.google.com/search?sca_esv=9a8a34047ff9cda0&rlz=1C1GCEU_esCO1148CO1148&cs=1&sxsrf=AHTn8zpnF4KaIQZ0gh5NgMelk5XvA1AZ1Q:1745255462442&q=Nottingham+Forest+Football+Club&stick=H4sIAAAAAAAAAONgVuLUz9U3MDTJqyp4xGjCLfDyxz1hKe1Ja05eY1Tl4grOyC93zSvJLKkUEudig7J4pbi5ELp4FrHK--WXlGTmpWck5iq45RelFpcAqfySpMScHAXnnNIkAIQlMVFmAAAA&ved=2ahUKEwjN6YSfz-mMAxXzIUQIHbwANdAQukt6BAgCEBY#sie=m;/g/11w1hz7ylr;2;/m/02_tc;dt;fp;1;;;&wptab=si:APYL9bsdvePlUvFpoma5fMvhOQ6bvXM76DvGLQOhfQo6Zp3kxNoH6BKiFU3NUK-DDCMYUl50O50je6Y_pgRm3IpRsSlYbsKls-YEcu9yYUL2YnmVQ4YudYQ4Y_xxEGvPHR77C-QcPNH5WvlitVIR5ZYdbAZVtr5PI9rO9-txSo6HAi10Do3h7rDLdWMVATxDvdGkyoNeQnAya1DxRfTBPQx7rdF1wA8pS7I3qM54jEehdiW9zcYKsa8%3D
Saint-Étienne,https://www.google.com/search?sca_esv=dcef92e01162e678&rlz=1C1CHZL_esCO906CO906&cs=0&sxsrf=AHTn8zpWqxTvtLS9g5WHVm2fogNOFPt3Kg:1745175449796&q=Association+Sportive+de+Saint-%C3%89tienne&stick=H4sIAAAAAAAAAONgVuLUz9U3MEkytcx9xGjCLfDyxz1hKe1Ja05eY1Tl4grOyC93zSvJLKkUEudig7J4pbi5ELp4FrGqORYX5ydnJpZk5ucpBBfkF5VklqUqpKQqBCdm5pXoHu4syUzNy0sFAOQAdQZtAAAA&ved=2ahUKEwizgoSWpeeMAxXnKlkFHZcJO4UQukt6BAgCEBU#sie=t;/m/04b59m;2;/m/044hxl;bbbs;hd;;;;2025-05-18T12:00:00Z&wptab=si:APYL9bsdvePlUvFpoma5fMvhOQ6bvXM76DvGLQOhfQo6Zp3kxNoH6BKiFU3NUK-DDCMYUl50O50je6Y_pgRm3IpRsSlYbsKls-YEcu9yYUL2YnmVQ4YudYQ4Y_xxEGvPHR77C-QcPNH5WvlitVIR5ZYdbAZV1USRAE58gw-P69IBKuHBEVEt0piK215PVUbj4Q87WQJB54mrHU3sWyA070WoZgrPeTbk2HWo-94bRw16NaMhgNRD-CY%3D,https://www.google.com/search?sca_esv=dcef92e01162e678&rlz=1C1CHZL_esCO906CO906&cs=0&sxsrf=AHTn8zpWqxTvtLS9g5WHVm2fogNOFPt3Kg:1745175449796&q=Association+Sportive+de+Saint-%C3%89tienne&stick=H4sIAAAAAAAAAONgVuLUz9U3MEkytcx9xGjCLfDyxz1hKe1Ja05eY1Tl4grOyC93zSvJLKkUEudig7J4pbi5ELp4FrGqORYX5ydnJpZk5ucpBBfkF5VklqUqpKQqBCdm5pXoHu4syUzNy0sFAOQAdQZtAAAA&ved=2ahUKEwizgoSWpeeMAxXnKlkFHZcJO4UQukt6BAgCEBU#sie=m;/g/11w3vq8vjk;2;/m/044hxl;dt;fp;1;;;&wptab=si:APYL9bsdvePlUvFpoma5fMvhOQ6bvXM76DvGLQOhfQo6Zp3kxNoH6BKiFU3NUK-DDCMYUl50O50je6Y_pgRm3IpRsSlYbsKls-YEcu9yYUL2YnmVQ4YudYQ4Y_xxEGvPHR77C-QcPNH5WvlitVIR5ZYdbAZV1USRAE58gw-P69IBKuHBEVEt0piK215PVUbj4Q87WQJB54mrHU3sWyA070WoZgrPeTbk2HWo-94bRw16NaMhgNRD-CY%3D
Valencia C. F.,https://www.google.com/search?rlz=1C1CHZL_esCO906CO906&sca_esv=b347d5207ca6dc52&cs=0&sxsrf=AHTn8zqyCxckrwFuBAQmAgeZAs71UDgMgQ:1745293954008&q=Valencia+Club+de+F%C3%BAtbol&stick=H4sIAAAAAAAAAONgVuLQz9U3sDCIr3zEaMwt8PLHPWEprUlrTl5jVOHiCs7IL3fNK8ksqRQS42KDsnikuLjgmngWsUqEJeak5iVnJio455QmKaSkKrgd3lWSlJ8DAFBZGkFdAAAA&ved=2ahUKEwi6k5_R3uqMAxWZtoQIHU92OMAQukt6BAgCEBU#sie=t;/m/080_y;2;/m/09gqx;bbbs;hd;;;;2025-05-25T12:00:00Z&wptab=si:APYL9btp3RF4rMteeKUUGnuEThopwi3n8zDPOUD_15eeNqymofjNp8Ggx03jTIB85JK2xfZX-PN_WHJ87reP5LTehwdvvpHWqUIShAMRBH0NlhoWnBaeEyQqXqVwveDRKb-hXLnQjhPkLs5mAmJzxKJK7FN7pSrb7k3JyzSdyeaZSK_pVjTXaedGrKK0wr1lOsWccelt4C9M3KdKiR4Is0PTvh3uIEwOsehDaXQoWC_-D8-1IOpFvzc%3D,https://www.google.com/search?rlz=1C1CHZL_esCO906CO906&sca_esv=b347d5207ca6dc52&cs=0&sxsrf=AHTn8zqyCxckrwFuBAQmAgeZAs71UDgMgQ:1745293954008&q=Valencia+Club+de+F%C3%BAtbol&stick=H4sIAAAAAAAAAONgVuLQz9U3sDCIr3zEaMwt8PLHPWEprUlrTl5jVOHiCs7IL3fNK8ksqRQS42KDsnikuLjgmngWsUqEJeak5iVnJio455QmKaSkKrgd3lWSlJ8DAFBZGkFdAAAA&ved=2ahUKEwi6k5_R3uqMAxWZtoQIHU92OMAQukt6BAgCEBU#sie=m;/g/11w1j1673c;2;/m/09gqx;dt;fp;1;;;&wptab=si:APYL9btp3RF4rMteeKUUGnuEThopwi3n8zDPOUD_15eeNqymofjNp8Ggx03jTIB85JK2xfZX-PN_WHJ87reP5LTehwdvvpHWqUIShAMRBH0NlhoWnBaeEyQqXqVwveDRKb-hXLnQjhPkLs5mAmJzxKJK7FN7pSrb7k3JyzSdyeaZSK_pVjTXaedGrKK0wr1lOsWccelt4C9M3KdKiR4Is0PTvh3uIEwOsehDaXQoWC_-D8-1IOpFvzc%3D
R.C.D. Mallorca,https://www.google.com/search?q=mallorca+vs&sca_esv=6a2525f9667c9ba5&rlz=1C1CHZL_esCO906CO906&cs=0&sxsrf=AHTn8zq8y0UEgj51Aj115WaOc93aGuHsaw%3A1745296889214&ei=-R0HaPreDNeEwbkPpfat2QU&ved=0ahUKEwi6v-_I6eqMAxVXQjABHSV7K1sQ4dUDCBE&uact=5&oq=mallorca+vs&gs_lp=Egxnd3Mtd2l6LXNlcnAiC21hbGxvcmNhIHZzMhAQABiABBixAxhDGIMBGIoFMg0QABiABBixAxhDGIoFMgoQABiABBhDGIoFMgoQABiABBhDGIoFMgoQABiABBhDGIoFMgoQABiABBhDGIoFMgoQABiABBhDGIoFMgoQABiABBhDGIoFMgoQABiABBgUGIcCMgoQABiABBhDGIoFSOIWUMMJWOIVcAR4AZABAJgBrgGgAdcOqgEEMC4xMrgBA8gBAPgBAZgCEKACsQ_CAgoQIxiABBgnGIoFwgILEAAYgAQYsQMYgwHCAgQQABgDwgIFEAAYgATCAgoQLhiABBhDGIoFwgIQEC4YgAQYsQMYQxiDARiKBcICCxAuGIAEGMcBGK8BwgINEC4YgAQYsQMYQxiKBcICHxAuGIAEGLEDGEMYgwEYigUYlwUY3AQY3gQY4ATYAQGYAwC6BgYIARABGBSSBwQ0LjEyoAfofLIHBDAuMTK4B5wP&sclient=gws-wiz-serp#sie=t;/m/01vqc7;2;/m/09gqx;bbbs;hd;;;;2025-05-25T12:00:00Z&wptab=si:APYL9bsdvePlUvFpoma5fMvhOQ6bvXM76DvGLQOhfQo6Zp3kxNoH6BKiFU3NUK-DDCMYUl50O50je6Y_pgRm3IpRsSlYbsKls-YEcu9yYUL2YnmVQ4YudYQ4Y_xxEGvPHR77C-QcPNH5WvlitVIR5ZYdbAZVXnswZ9VJNC7C1t36tMNDS2npHVR-LMRQD5To6MBxkKHk9suyG9fyAkP5WWBH0ABW5O8TWQADUUU9B_lZjdlr_5ZS6Y8%3D,https://www.google.com/search?q=mallorca+vs&sca_esv=6a2525f9667c9ba5&rlz=1C1CHZL_esCO906CO906&cs=0&sxsrf=AHTn8zq8y0UEgj51Aj115WaOc93aGuHsaw%3A1745296889214&ei=-R0HaPreDNeEwbkPpfat2QU&ved=0ahUKEwi6v-_I6eqMAxVXQjABHSV7K1sQ4dUDCBE&uact=5&oq=mallorca+vs&gs_lp=Egxnd3Mtd2l6LXNlcnAiC21hbGxvcmNhIHZzMhAQABiABBixAxhDGIMBGIoFMg0QABiABBixAxhDGIoFMgoQABiABBhDGIoFMgoQABiABBhDGIoFMgoQABiABBhDGIoFMgoQABiABBhDGIoFMgoQABiABBhDGIoFMgoQABiABBhDGIoFMgoQABiABBgUGIcCMgoQABiABBhDGIoFSOIWUMMJWOIVcAR4AZABAJgBrgGgAdcOqgEEMC4xMrgBA8gBAPgBAZgCEKACsQ_CAgoQIxiABBgnGIoFwgILEAAYgAQYsQMYgwHCAgQQABgDwgIFEAAYgATCAgoQLhiABBhDGIoFwgIQEC4YgAQYsQMYQxiDARiKBcICCxAuGIAEGMcBGK8BwgINEC4YgAQYsQMYQxiKBcICHxAuGIAEGLEDGEMYgwEYigUYlwUY3AQY3gQY4ATYAQGYAwC6BgYIARABGBSSBwQ0LjEyoAfofLIHBDAuMTK4B5wP&sclient=gws-wiz-serp#sie=m;/g/11w3rxlxg9;2;/m/09gqx;dt;fp;1;;;&wptab=si:APYL9bsdvePlUvFpoma5fMvhOQ6bvXM76DvGLQOhfQo6Zp3kxNoH6BKiFU3NUK-DDCMYUl50O50je6Y_pgRm3IpRsSlYbsKls-YEcu9yYUL2YnmVQ4YudYQ4Y_xxEGvPHR77C-QcPNH5WvlitVIR5ZYdbAZVXnswZ9VJNC7C1t36tMNDS2npHVR-LMRQD5To6MBxkKHk9suyG9fyAkP5WWBH0ABW5O8TWQADUUU9B_lZjdlr_5ZS6Y8%3D
Nantes,https://www.google.com/search?rlz=1C1GCEU_esCO1153CO1153&sca_esv=a24eb7beebb63ee4&cs=0&sxsrf=AHTn8zqkuoUE0pHgBU07qkrNBKwraDaM7w:1745332939290&q=Football+Club+Nantes&stick=H4sIAAAAAAAAAONgVuLUz9U3MLG0NDR6xGjCLfDyxz1hKe1Ja05eY1Tl4grOyC93zSvJLKkUEudig7J4pbi5ELp4FrGKuOXnlyQl5uQoOOeUJin4JeaVpBYDABBvvaxbAAAA&ved=2ahUKEwj_hvDu7-uMAxWnle4BHfWQBXYQukt6BAgCEBU#sie=t;/m/049912;2;/m/044hxl;bbbs;hd;;;;2025-05-18T12:00:00Z&wptab=si:APYL9bsdvePlUvFpoma5fMvhOQ6bvXM76DvGLQOhfQo6Zp3kxNoH6BKiFU3NUK-DDCMYUl50O50je6Y_pgRm3IpRsSlYbsKls-YEcu9yYUL2YnmVQ4YudYQ4Y_xxEGvPHR77C-QcPNH5WvlitVIR5ZYdbAZVULnJa9s7MF84llnBJ3gwFdQD-Ye4D_05ByZyTUYXdGLyhPzSsX5upiwfO9xBQVOMIE0uWbR_8hqN9qxoAMrYQFsXsNq6wroNjTQsljl2u0OQfUsD,https://www.google.com/search?rlz=1C1GCEU_esCO1153CO1153&sca_esv=a24eb7beebb63ee4&cs=0&sxsrf=AHTn8zqkuoUE0pHgBU07qkrNBKwraDaM7w:1745332939290&q=Football+Club+Nantes&stick=H4sIAAAAAAAAAONgVuLUz9U3MLG0NDR6xGjCLfDyxz1hKe1Ja05eY1Tl4grOyC93zSvJLKkUEudig7J4pbi5ELp4FrGKuOXnlyQl5uQoOOeUJin4JeaVpBYDABBvvaxbAAAA&ved=2ahUKEwj_hvDu7-uMAxWnle4BHfWQBXYQukt6BAgCEBU#sie=m;/g/11w3vpny48;2;/m/044hxl;dt;fp;1;;;&wptab=si:APYL9bsdvePlUvFpoma5fMvhOQ6bvXM76DvGLQOhfQo6Zp3kxNoH6BKiFU3NUK-DDCMYUl50O50je6Y_pgRm3IpRsSlYbsKls-YEcu9yYUL2YnmVQ4YudYQ4Y_xxEGvPHR77C-QcPNH5WvlitVIR5ZYdbAZVULnJa9s7MF84llnBJ3gwFdQD-Ye4D_05ByZyTUYXdGLyhPzSsX5upiwfO9xBQVOMIE0uWbR_8hqN9qxoAMrYQFsXsNq6wroNjTQsljl2u0OQfUsD
PSG,https://www.google.com/search?q=PSG&rlz=1C1GCEU_esCO1153CO1153&oq=PSG&gs_lcrp=EgZjaHJvbWUyBggAEEUYOdIBBzQyM2owajmoAgCwAgA&sourceid=chrome&ie=UTF-8#sie=t;/m/01_1kk;2;/m/044hxl;bbbs;hd;;;;2025-06-23T19:00:00Z&wptab=si:APYL9bsdvePlUvFpoma5fMvhOQ6bvXM76DvGLQOhfQo6Zp3kxNoH6BKiFU3NUK-DDCMYUl50O50je6Y_pgRm3IpRsSlYbsKls-YEcu9yYUL2YnmVQ4YudYQ4Y_xxEGvPHR77C-QcPNH5WvlitVIR5ZYdbAZVWaV_edMCe4bpojVgwxRV7gDT11i6IYM5L2vwuXVDF7m8TLmw-H9-TDHe3_Vdxa0-pW1uNQ%3D%3D,https://www.google.com/search?q=PSG&rlz=1C1GCEU_esCO1153CO1153&oq=PSG&gs_lcrp=EgZjaHJvbWUyBggAEEUYOdIBBzQyM2owajmoAgCwAgA&sourceid=chrome&ie=UTF-8#sie=m;/g/11w1lqxv05;2;/m/044hxl;dt;fp;1;;;&wptab=si:APYL9bsdvePlUvFpoma5fMvhOQ6bvXM76DvGLQOhfQo6Zp3kxNoH6BKiFU3NUK-DDCMYUl50O50je6Y_pgRm3IpRsSlYbsKls-YEcu9yYUL2YnmVQ4YudYQ4Y_xxEGvPHR77C-QcPNH5WvlitVIR5ZYdbAZVWaV_edMCe4bpojVgwxRV7gDT11i6IYM5L2vwuXVDF7m8TLmw-H9-TDHe3_Vdxa0-pW1uNQ%3D%3D
Celta de Vigo,https://www.google.com/search?q=celta+de+vigo+vs&rlz=1C1GCEU_esCO1153CO1153&oq=celta+de+vigo+vs&gs_lcrp=EgZjaHJvbWUqEwgAEEUYJxg7GEYY_QEYgAQYigUyEwgAEEUYJxg7GEYY_QEYgAQYigUyDggBEEUYJxg7GIAEGIoFMgwIAhAAGEMYgAQYigUyBwgDEAAYgAQyBwgEEAAYgAQyDAgFEAAYQxiABBiKBTIMCAYQABhDGIAEGIoFMgcIBxAAGIAEMgwICBAAGEMYgAQYigUyDAgJEAAYQxiABBiKBdIBCDE3MDNqMGo3qAIAsAIA&sourceid=chrome&ie=UTF-8#sie=t;/m/0266sb_;2;/m/09gqx;bbbs;hd;;;;2025-05-25T12:00:00Z&wptab=si:APYL9buA3KKcsw3wGt-6FjQ-zfm_3HpmSoBelfkO9MczsxsNbSvfXD13dQHjEy9zxNMNCOtEtfLETNyn-36sazRfBea35jMUr18heGeCzeWGIgYpe1IIdZmsCkHPYvcNz4H7hlLYbRK3Uk4-73EHUDZvODASXg-TeVru7Pafi5qtoeQ6nuv6zT2dyZuaF4W3SjEP63ZPQiLGkhzWjJj2nMeWeD7DzavP8h6c8aU6eJL8-8J2-nC4Aic%3D,https://www.google.com/search?q=celta+de+vigo+vs&rlz=1C1GCEU_esCO1153CO1153&oq=celta+de+vigo+vs&gs_lcrp=EgZjaHJvbWUqEwgAEEUYJxg7GEYY_QEYgAQYigUyEwgAEEUYJxg7GEYY_QEYgAQYigUyDggBEEUYJxg7GIAEGIoFMgwIAhAAGEMYgAQYigUyBwgDEAAYgAQyBwgEEAAYgAQyDAgFEAAYQxiABBiKBTIMCAYQABhDGIAEGIoFMgcIBxAAGIAEMgwICBAAGEMYgAQYigUyDAgJEAAYQxiABBiKBdIBCDE3MDNqMGo3qAIAsAIA&sourceid=chrome&ie=UTF-8#sie=m;/g/11w1j11qb3;2;/m/09gqx;dt;fp;1;;;&wptab=si:APYL9buA3KKcsw3wGt-6FjQ-zfm_3HpmSoBelfkO9MczsxsNbSvfXD13dQHjEy9zxNMNCOtEtfLETNyn-36sazRfBea35jMUr18heGeCzeWGIgYpe1IIdZmsCkHPYvcNz4H7hlLYbRK3Uk4-73EHUDZvODASXg-TeVru7Pafi5qtoeQ6nuv6zT2dyZuaF4W3SjEP63ZPQiLGkhzWjJj2nMeWeD7DzavP8h6c8aU6eJL8-8J2-nC4Aic%3D
U. D. Las Palmas,https://www.google.com/search?cs=0&rlz=1C1GCEU_esCO1153CO1153&sca_esv=cc91aa7b516a412e&sxsrf=AHTn8zrhuWmRV_YkIjSudyownTbnIjVWkw:1745356938482&q=Uni%C3%B3n+Deportiva+Las+Palmas&stick=H4sIAAAAAAAAAONgVuLUz9U3MDcxz7Z4xGjCLfDyxz1hKe1Ja05eY1Tl4grOyC93zSvJLKkUEudig7J4pbi5ELp4FrFKh-ZlHt6cp-CSWpBfVJJZlqjgk1isEJCYk5tYDABATykeYgAAAA&ved=2ahUKEwj2nsqiyeyMAxVpATQIHcKHFo8Qukt6BAgCEBY#sie=t;/m/0747k8;2;/m/09gqx;bbbs;hd;;;;2025-05-25T12:00:00Z&wptab=si:APYL9bsdvePlUvFpoma5fMvhOQ6bvXM76DvGLQOhfQo6Zp3kxNoH6BKiFU3NUK-DDCMYUl50O50je6Y_pgRm3IpRsSlYbsKls-YEcu9yYUL2YnmVQ4YudYQ4Y_xxEGvPHR77C-QcPNH5WvlitVIR5ZYdbAZVW8JIKRo-3JWKcru2jS6KB9V5sgy_ao7uxvhrHTFVmMzrI6kh3aBK6uM1xH6UamBCYtZ3ZCSbJz5AaxNUd7ZICnbfVwg%3D,https://www.google.com/search?cs=0&rlz=1C1GCEU_esCO1153CO1153&sca_esv=cc91aa7b516a412e&sxsrf=AHTn8zrhuWmRV_YkIjSudyownTbnIjVWkw:1745356938482&q=Uni%C3%B3n+Deportiva+Las+Palmas&stick=H4sIAAAAAAAAAONgVuLUz9U3MDcxz7Z4xGjCLfDyxz1hKe1Ja05eY1Tl4grOyC93zSvJLKkUEudig7J4pbi5ELp4FrFKh-ZlHt6cp-CSWpBfVJJZlqjgk1isEJCYk5tYDABATykeYgAAAA&ved=2ahUKEwj2nsqiyeyMAxVpATQIHcKHFo8Qukt6BAgCEBY#sie=m;/g/11y5mkk28r;2;/m/09gqx;dt;fp;1;;;&wptab=si:APYL9bsdvePlUvFpoma5fMvhOQ6bvXM76DvGLQOhfQo6Zp3kxNoH6BKiFU3NUK-DDCMYUl50O50je6Y_pgRm3IpRsSlYbsKls-YEcu9yYUL2YnmVQ4YudYQ4Y_xxEGvPHR77C-QcPNH5WvlitVIR5ZYdbAZVW8JIKRo-3JWKcru2jS6KB9V5sgy_ao7uxvhrHTFVmMzrI6kh3aBK6uM1xH6UamBCYtZ3ZCSbJz5AaxNUd7ZICnbfVwg%3D
Real Sociedad,https://www.google.com/search?cs=0&rlz=1C1GCEU_esCO1153CO1153&sca_esv=cc91aa7b516a412e&sxsrf=AHTn8zoXpakX6TKgBWTgE7PPxfklc9Ov-Q:1745357578335&q=Real+Sociedad+de+F%C3%BAtbol&stick=H4sIAAAAAAAAAONgVuLUz9U3MDQyKk9-xGjCLfDyxz1hKe1Ja05eY1Tl4grOyC93zSvJLKkUEudig7J4pbi5ELp4FrFKBKUm5igE5ydnpqYkpiikpCq4Hd5VkpSfAwBziMZQXwAAAA&ved=2ahUKEwid99fTy-yMAxXPGDQIHVFRMu8Qukt6BAgCEBY#sie=t;/m/0122wc;2;/m/09gqx;bbbs;hd;;;;2025-05-25T12:00:00Z&wptab=si:APYL9bsdvePlUvFpoma5fMvhOQ6bvXM76DvGLQOhfQo6Zp3kxNoH6BKiFU3NUK-DDCMYUl50O50je6Y_pgRm3IpRsSlYbsKls-YEcu9yYUL2YnmVQ4YudYQ4Y_xxEGvPHR77C-QcPNH5WvlitVIR5ZYdbAZVGsmvHkA-4shBJVcmWNz0zo_Flr6_rIpUk4vvmERRYzkI1rScx5sK7oLswL8lqP1MuUh9bIuJ_2TOmQDiZuDEwwNe168%3D,https://www.google.com/search?cs=0&rlz=1C1GCEU_esCO1153CO1153&sca_esv=cc91aa7b516a412e&sxsrf=AHTn8zoXpakX6TKgBWTgE7PPxfklc9Ov-Q:1745357578335&q=Real+Sociedad+de+F%C3%BAtbol&stick=H4sIAAAAAAAAAONgVuLUz9U3MDQyKk9-xGjCLfDyxz1hKe1Ja05eY1Tl4grOyC93zSvJLKkUEudig7J4pbi5ELp4FrFKBKUm5igE5ydnpqYkpiikpCq4Hd5VkpSfAwBziMZQXwAAAA&ved=2ahUKEwid99fTy-yMAxXPGDQIHVFRMu8Qukt6BAgCEBY#sie=m;/g/11w3rxs423;2;/m/09gqx;dt;fp;1;;;&wptab=si:APYL9bsdvePlUvFpoma5fMvhOQ6bvXM76DvGLQOhfQo6Zp3kxNoH6BKiFU3NUK-DDCMYUl50O50je6Y_pgRm3IpRsSlYbsKls-YEcu9yYUL2YnmVQ4YudYQ4Y_xxEGvPHR77C-QcPNH5WvlitVIR5ZYdbAZVGsmvHkA-4shBJVcmWNz0zo_Flr6_rIpUk4vvmERRYzkI1rScx5sK7oLswL8lqP1MuUh9bIuJ_2TOmQDiZuDEwwNe168%3D
Arsenal,https://www.google.com/search?q=Arsenal&rlz=1C1GCEU_esCO1148CO1148&oq=Arsenal&gs_lcrp=EgZjaHJvbWUyBggAEEUYOTIPCAEQLhhDGLEDGIAEGIoFMg4IAhBFGCcYOxiABBiKBTIMCAMQIxgnGIAEGIoFMhIIBBAAGEMYgwEYsQMYgAQYigUyEggFEAAYQxiDARixAxiABBiKBTISCAYQABhDGIMBGLEDGIAEGIoFMhIIBxAAGEMYgwEYsQMYgAQYigUyDAgIEAAYQxiABBiKBTIHCAkQABiPAtIBBzUwM2owajeoAgCwAgA&sourceid=chrome&ie=UTF-8#sie=t;/m/0xbm;2;/m/02_tc;bbbs;hd;;;;2025-07-31T11:30:00Z&wptab=si:APYL9bsYRJ82IFt7d7VApj0TA5hNsH1aBzMxYw1W2YZ-0oz3gHBm7-yv00HV8mc-hl7KoutrEbhpBOCxTJIWTgIYBLyQbnUJAZaMbuq6etnXz0RTnllxTdxcaFwLDv-vnSGelqQ_DibuNzVFs-hiucZgjzuVd2UeUIC1aKAKQkbbEZEsVzOLwL_4VgWhOPnUNprR2yCg960dceD1gn5xwJjHuFctabCUfA%3D%3D,https://www.google.com/search?q=Arsenal&rlz=1C1GCEU_esCO1148CO1148&oq=Arsenal&gs_lcrp=EgZjaHJvbWUyBggAEEUYOTIPCAEQLhhDGLEDGIAEGIoFMg4IAhBFGCcYOxiABBiKBTIMCAMQIxgnGIAEGIoFMhIIBBAAGEMYgwEYsQMYgAQYigUyEggFEAAYQxiDARixAxiABBiKBTISCAYQABhDGIMBGLEDGIAEGIoFMhIIBxAAGEMYgwEYsQMYgAQYigUyDAgIEAAYQxiABBiKBTIHCAkQABiPAtIBBzUwM2owajeoAgCwAgA&sourceid=chrome&ie=UTF-8#sie=m;/g/11w1hz8y34;2;/m/02_tc;dt;fp;1;;;&wptab=si:APYL9bsYRJ82IFt7d7VApj0TA5hNsH1aBzMxYw1W2YZ-0oz3gHBm7-yv00HV8mc-hl7KoutrEbhpBOCxTJIWTgIYBLyQbnUJAZaMbuq6etnXz0RTnllxTdxcaFwLDv-vnSGelqQ_DibuNzVFs-hiucZgjzuVd2UeUIC1aKAKQkbbEZEsVzOLwL_4VgWhOPnUNprR2yCg960dceD1gn5xwJjHuFctabCUfA%3D%3D
Crystal Palace,https://www.google.com/search?gs_ssp=eJzj4tTP1TcwMjJOyjFg9OJLLqosLknMUShIzElMTgUAa2YIhQ&q=crystal+palace&rlz=1C1GCEU_esCO1148CO1148&oq=crytal&gs_lcrp=EgZjaHJvbWUqDAgDEC4YChixAxiABDIGCAAQRRg5MgwIARAAGAoYsQMYgAQyDAgCEAAYChixAxiABDIMCAMQLhgKGLEDGIAEMgwIBBAAGAoYsQMYgAQyDwgFEC4YChjHARjRAxiABDIMCAYQABgKGLEDGIAEMgkIBxAAGAoYgAQyDAgIEAAYChixAxiABDIJCAkQLhgKGIAE0gEIMjY0N2owajmoAgCwAgA&sourceid=chrome&ie=UTF-8#sie=t;/m/0223bl;2;/m/02_tc;bbbs;hd;;;;2025-05-25T15:00:00Z&wptab=si:APYL9bsdvePlUvFpoma5fMvhOQ6bvXM76DvGLQOhfQo6Zp3kxNoH6BKiFU3NUK-DDCMYUl50O50je6Y_pgRm3IpRsSlYbsKls-YEcu9yYUL2YnmVQ4YudYQ4Y_xxEGvPHR77C-QcPNH5WvlitVIR5ZYdbAZVp96NhSph1DgJ07e3suKldh0d_qxqwotxD9aIvcRqf5lBVyFHIwphBOH72BPLW7T4uLObGoRGwDUygkCV0qXLTM7Qn9k%3D,https://www.google.com/search?gs_ssp=eJzj4tTP1TcwMjJOyjFg9OJLLqosLknMUShIzElMTgUAa2YIhQ&q=crystal+palace&rlz=1C1GCEU_esCO1148CO1148&oq=crytal&gs_lcrp=EgZjaHJvbWUqDAgDEC4YChixAxiABDIGCAAQRRg5MgwIARAAGAoYsQMYgAQyDAgCEAAYChixAxiABDIMCAMQLhgKGLEDGIAEMgwIBBAAGAoYsQMYgAQyDwgFEC4YChjHARjRAxiABDIMCAYQABgKGLEDGIAEMgkIBxAAGAoYgAQyDAgIEAAYChixAxiABDIJCAkQLhgKGIAE0gEIMjY0N2owajmoAgCwAgA&sourceid=chrome&ie=UTF-8#sie=m;/g/11y5mgwbkp;2;/m/02_tc;dt;fp;1;;;&wptab=si:APYL9bsdvePlUvFpoma5fMvhOQ6bvXM76DvGLQOhfQo6Zp3kxNoH6BKiFU3NUK-DDCMYUl50O50je6Y_pgRm3IpRsSlYbsKls-YEcu9yYUL2YnmVQ4YudYQ4Y_xxEGvPHR77C-QcPNH5WvlitVIR5ZYdbAZVp96NhSph1DgJ07e3suKldh0d_qxqwotxD9aIvcRqf5lBVyFHIwphBOH72BPLW7T4uLObGoRGwDUygkCV0qXLTM7Qn9k%3D
Parma,https://www.google.com/search?q=Parma+vs&sca_esv=cc91aa7b516a412e&rlz=1C1GCEU_esCO1148CO1148&sxsrf=AHTn8zqu3a7KmJ32B7sKuQb1QTM2Johi-Q%3A1745356954600&ei=mggIaPixJJ6cwbkP_fTGgQ0&ved=0ahUKEwj45qOqyeyMAxUeTjABHX26MdAQ4dUDCBI&uact=5&oq=Parma+vs&gs_lp=Egxnd3Mtd2l6LXNlcnAiCFBhcm1hIHZzMgsQABiABBixAxiDATIIEAAYgAQYsQMyBBAAGAMyBRAAGIAEMgUQABiABDIKEAAYgAQYQxiKBTIFEAAYgAQyBRAAGIAEMgUQABiABDIFEAAYgARIpQlQXlilBHABeAGQAQCYAcMBoAGABKoBAzAuM7gBA8gBAPgBAZgCBKACqATCAgoQABiwAxjWBBhHwgINEAAYgAQYsAMYQxiKBcICExAuGIAEGLADGEMYyAMYigXYAQHCAhwQLhiABBiwAxhDGMcBGMgDGIoFGI4FGK8B2AEBwgIOEAAYsAMY5AIY1gTYAQHCAg0QLhiABBixAxhDGIoFwgIOEAAYgAQYsQMYgwEYigXCAg0QABiABBixAxgUGIcCwgIOEC4YgAQYxwEYjgUYrwHCAgoQLhiABBhDGIoFwgIcEC4YgAQYsQMYQxiKBRiXBRjcBBjeBBjgBNgBAZgDAIgGAZAGE7oGBggBEAEYCJIHAzEuM6AHlBqyBwMwLjO4B6ME&sclient=gws-wiz-serp#sie=t;/m/0gxkm;2;/m/03zv9;bbbs;hd;;;;2025-05-25T13:00:00Z&wptab=si:APYL9btp3RF4rMteeKUUGnuEThopwi3n8zDPOUD_15eeNqymofjNp8Ggx03jTIB85JK2xfZX-PN_WHJ87reP5LTehwdvvpHWqUIShAMRBH0NlhoWnBaeEyQqXqVwveDRKb-hXLnQjhPkLs5mAmJzxKJK7FN7wEPAuxxkX_96qTcZbLAMqE15fmK08rIFpzzq0JhnZaiKPE1GHBgbM_FMPNRcro84fkP-KjNcO0ip8qGwEwciPT_bd1w%3D,https://www.google.com/search?q=Parma+vs&sca_esv=cc91aa7b516a412e&rlz=1C1GCEU_esCO1148CO1148&sxsrf=AHTn8zqu3a7KmJ32B7sKuQb1QTM2Johi-Q%3A1745356954600&ei=mggIaPixJJ6cwbkP_fTGgQ0&ved=0ahUKEwj45qOqyeyMAxUeTjABHX26MdAQ4dUDCBI&uact=5&oq=Parma+vs&gs_lp=Egxnd3Mtd2l6LXNlcnAiCFBhcm1hIHZzMgsQABiABBixAxiDATIIEAAYgAQYsQMyBBAAGAMyBRAAGIAEMgUQABiABDIKEAAYgAQYQxiKBTIFEAAYgAQyBRAAGIAEMgUQABiABDIFEAAYgARIpQlQXlilBHABeAGQAQCYAcMBoAGABKoBAzAuM7gBA8gBAPgBAZgCBKACqATCAgoQABiwAxjWBBhHwgINEAAYgAQYsAMYQxiKBcICExAuGIAEGLADGEMYyAMYigXYAQHCAhwQLhiABBiwAxhDGMcBGMgDGIoFGI4FGK8B2AEBwgIOEAAYsAMY5AIY1gTYAQHCAg0QLhiABBixAxhDGIoFwgIOEAAYgAQYsQMYgwEYigXCAg0QABiABBixAxgUGIcCwgIOEC4YgAQYxwEYjgUYrwHCAgoQLhiABBhDGIoFwgIcEC4YgAQYsQMYQxiKBRiXBRjcBBjeBBjgBNgBAZgDAIgGAZAGE7oGBggBEAEYCJIHAzEuM6AHlBqyBwMwLjO4B6ME&sclient=gws-wiz-serp#sie=m;/g/11w4bvbh3j;2;/m/03zv9;dt;fp;1;;;&wptab=si:APYL9btp3RF4rMteeKUUGnuEThopwi3n8zDPOUD_15eeNqymofjNp8Ggx03jTIB85JK2xfZX-PN_WHJ87reP5LTehwdvvpHWqUIShAMRBH0NlhoWnBaeEyQqXqVwveDRKb-hXLnQjhPkLs5mAmJzxKJK7FN7wEPAuxxkX_96qTcZbLAMqE15fmK08rIFpzzq0JhnZaiKPE1GHBgbM_FMPNRcro84fkP-KjNcO0ip8qGwEwciPT_bd1w%3D
Cagliari,https://www.google.com/search?gs_ssp=eJzj4tTP1TcwMU-3tDBg9OJOTkzPyUwsylRISwYAT5gG_Q&q=cagliari+fc&rlz=1C1GCEU_esCO1148CO1148&oq=Cagl&gs_lcrp=EgZjaHJvbWUqDwgCEC4YFBiHAhixAxiABDISCAAQABhDGOMCGLEDGIAEGIoFMg8IARAuGEMYsQMYgAQYigUyDwgCEC4YFBiHAhixAxiABDIPCAMQABhDGLEDGIAEGIoFMgwIBBAAGEMYgAQYigUyDAgFEAAYQxiABBiKBTIMCAYQABhDGIAEGIoFMgwIBxAAGEMYgAQYigUyDAgIEAAYQxiABBiKBTIMCAkQABhDGIAEGIoF0gEIMzA4MGowajeoAgCwAgA&sourceid=chrome&ie=UTF-8#sie=t;/m/047g98;2;/m/03zv9;bbbs;hd;;;;2025-05-25T13:00:00Z&wptab=si:APYL9bsdvePlUvFpoma5fMvhOQ6bvXM76DvGLQOhfQo6Zp3kxNoH6BKiFU3NUK-DDCMYUl50O50je6Y_pgRm3IpRsSlYbsKls-YEcu9yYUL2YnmVQ4YudYQ4Y_xxEGvPHR77C-QcPNH5WvlitVIR5ZYdbAZVedPaDY4Mg7ASdEscQNu2ID-cemR-EuJp7zEEXpOwyDXNmrGr-MHJnCXq8hHfUbu6amzKssx-_Pyp38d9jvQR7tjFAcA%3D,https://www.google.com/search?gs_ssp=eJzj4tTP1TcwMU-3tDBg9OJOTkzPyUwsylRISwYAT5gG_Q&q=cagliari+fc&rlz=1C1GCEU_esCO1148CO1148&oq=Cagl&gs_lcrp=EgZjaHJvbWUqDwgCEC4YFBiHAhixAxiABDISCAAQABhDGOMCGLEDGIAEGIoFMg8IARAuGEMYsQMYgAQYigUyDwgCEC4YFBiHAhixAxiABDIPCAMQABhDGLEDGIAEGIoFMgwIBBAAGEMYgAQYigUyDAgFEAAYQxiABBiKBTIMCAYQABhDGIAEGIoFMgwIBxAAGEMYgAQYigUyDAgIEAAYQxiABBiKBTIMCAkQABhDGIAEGIoF0gEIMzA4MGowajeoAgCwAgA&sourceid=chrome&ie=UTF-8#sie=m;/g/11y667dd1q;2;/m/03zv9;dt;fp;1;;;&wptab=si:APYL9bsdvePlUvFpoma5fMvhOQ6bvXM76DvGLQOhfQo6Zp3kxNoH6BKiFU3NUK-DDCMYUl50O50je6Y_pgRm3IpRsSlYbsKls-YEcu9yYUL2YnmVQ4YudYQ4Y_xxEGvPHR77C-QcPNH5WvlitVIR5ZYdbAZVedPaDY4Mg7ASdEscQNu2ID-cemR-EuJp7zEEXpOwyDXNmrGr-MHJnCXq8hHfUbu6amzKssx-_Pyp38d9jvQR7tjFAcA%3D
Fiorentina,https://www.google.com/search?q=fiorentina&sca_esv=cc91aa7b516a412e&rlz=1C1GCEU_esCO1148CO1148&sxsrf=AHTn8zqBkQKVtorpWd2RolSklMyicdwhUw%3A1745358149249&ei=RQ0IaOeBD_yGwbkP9oWO6Ac&ved=0ahUKEwinuPfjzeyMAxV8QzABHfaCA30Q4dUDCBI&uact=5&oq=fiorentina&gs_lp=Egxnd3Mtd2l6LXNlcnAiCmZpb3JlbnRpbmEyChAjGIAEGCcYigUyDRAuGIAEGLEDGEMYigUyDRAAGIAEGLEDGEMYigUyChAAGIAEGEMYigUyChAAGIAEGEMYigUyChAAGIAEGEMYigUyBRAAGIAEMgoQABiABBhDGIoFMggQABiABBixAzIFEAAYgARIlQlQvgRYvgRwAXgBkAEAmAGgAaABoAGqAQMwLjG4AQPIAQD4AQGYAgKgAqkBwgIKEAAYsAMY1gQYR8ICDRAAGIAEGLADGEMYigWYAwCIBgGQBgqSBwMxLjGgB_8IsgcDMC4xuAemAQ&sclient=gws-wiz-serp#sie=t;/m/01453;2;/m/03zv9;bbbs;hd;;;;2025-05-25T13:00:00Z&wptab=si:APYL9btp3RF4rMteeKUUGnuEThopwi3n8zDPOUD_15eeNqymofjNp8Ggx03jTIB85JK2xfZX-PN_WHJ87reP5LTehwdvvpHWqUIShAMRBH0NlhoWnBaeEyQqXqVwveDRKb-hXLnQjhPkLs5mAmJzxKJK7FN71zeFCqXpzu0VCCu7VmZxNrjqooTIRq4NUD_CBpnKfrkCYXJqpKBddAZedXL2qLvFvNtvZL56ETdCJp74zdRemUUnvB8%3D,https://www.google.com/search?q=fiorentina&sca_esv=cc91aa7b516a412e&rlz=1C1GCEU_esCO1148CO1148&sxsrf=AHTn8zqBkQKVtorpWd2RolSklMyicdwhUw%3A1745358149249&ei=RQ0IaOeBD_yGwbkP9oWO6Ac&ved=0ahUKEwinuPfjzeyMAxV8QzABHfaCA30Q4dUDCBI&uact=5&oq=fiorentina&gs_lp=Egxnd3Mtd2l6LXNlcnAiCmZpb3JlbnRpbmEyChAjGIAEGCcYigUyDRAuGIAEGLEDGEMYigUyDRAAGIAEGLEDGEMYigUyChAAGIAEGEMYigUyChAAGIAEGEMYigUyChAAGIAEGEMYigUyBRAAGIAEMgoQABiABBhDGIoFMggQABiABBixAzIFEAAYgARIlQlQvgRYvgRwAXgBkAEAmAGgAaABoAGqAQMwLjG4AQPIAQD4AQGYAgKgAqkBwgIKEAAYsAMY1gQYR8ICDRAAGIAEGLADGEMYigWYAwCIBgGQBgqSBwMxLjGgB_8IsgcDMC4xuAemAQ&sclient=gws-wiz-serp#sie=m;/g/11w4bvbh3j;2;/m/03zv9;dt;fp;1;;;&wptab=si:APYL9btp3RF4rMteeKUUGnuEThopwi3n8zDPOUD_15eeNqymofjNp8Ggx03jTIB85JK2xfZX-PN_WHJ87reP5LTehwdvvpHWqUIShAMRBH0NlhoWnBaeEyQqXqVwveDRKb-hXLnQjhPkLs5mAmJzxKJK7FN71zeFCqXpzu0VCCu7VmZxNrjqooTIRq4NUD_CBpnKfrkCYXJqpKBddAZedXL2qLvFvNtvZL56ETdCJp74zdRemUUnvB8%3D
Lazio,https://www.google.com/search?sca_esv=5a5a3411688c7191&rlz=1C1CHZL_esCO906CO906&cs=0&sxsrf=AHTn8zqywZRSpWF8QlGrBf3uD65MvZNGFg:1745379350230&q=Societ%C3%A0+Sportiva+Lazio&stick=H4sIAAAAAAAAAONgVuLQz9U3MDctjH_EaMwt8PLHPWEprUlrTl5jVOHiCs7IL3fNK8ksqRQS42KDsnikuLjgmngWsYoH5ydnppYcXqAQXJBfVJJZlqjgk1iVmQ8Al-H6NFwAAAA&ved=2ahUKEwj-k6vhnO2MAxUZmbAFHQ35AGQQukt6BAgCEBY#sie=t;/m/075q_;2;/m/03zv9;bbbs;hd;;;;2025-05-25T13:00:00Z&wptab=si:APYL9btp3RF4rMteeKUUGnuEThopwi3n8zDPOUD_15eeNqymofjNp8Ggx03jTIB85JK2xfZX-PN_WHJ87reP5LTehwdvvpHWqUIShAMRBH0NlhoWnBaeEyQqXqVwveDRKb-hXLnQjhPkLs5mAmJzxKJK7FN7VlCIgB2Se39o_pSclLHLtqGRw8zQtIq90oKOg797OTygtg2wgcyLREWx8qI-L5KDyuTicw%3D%3D,https://www.google.com/search?sca_esv=5a5a3411688c7191&rlz=1C1CHZL_esCO906CO906&cs=0&sxsrf=AHTn8zqywZRSpWF8QlGrBf3uD65MvZNGFg:1745379350230&q=Societ%C3%A0+Sportiva+Lazio&stick=H4sIAAAAAAAAAONgVuLQz9U3MDctjH_EaMwt8PLHPWEprUlrTl5jVOHiCs7IL3fNK8ksqRQS42KDsnikuLjgmngWsYoH5ydnppYcXqAQXJBfVJJZlqjgk1iVmQ8Al-H6NFwAAAA&ved=2ahUKEwj-k6vhnO2MAxUZmbAFHQ35AGQQukt6BAgCEBY#sie=m;/g/11m5jhmrvq;2;/m/01hrtp;dt;fp;1;;;&wptab=si:APYL9btp3RF4rMteeKUUGnuEThopwi3n8zDPOUD_15eeNqymofjNp8Ggx03jTIB85JK2xfZX-PN_WHJ87reP5LTehwdvvpHWqUIShAMRBH0NlhoWnBaeEyQqXqVwveDRKb-hXLnQjhPkLs5mAmJzxKJK7FN7VlCIgB2Se39o_pSclLHLtqGRw8zQtIq90oKOg797OTygtg2wgcyLREWx8qI-L5KDyuTicw%3D%3D
Osasuna,https://www.google.com/search?q=osasuna&sca_esv=8224312d7cb1cb22&rlz=1C1CHZL_esCO906CO906&sxsrf=AHTn8zrV3qJp7Yzu4VS3oit0-l6wZyTZtA%3A1745450447536&ei=z3UJaPrCIKOYwbkPvv6qkQY&ved=0ahUKEwi65pfPpe-MAxUjTDABHT6_KmIQ4dUDCBE&uact=5&oq=osasuna&gs_lp=Egxnd3Mtd2l6LXNlcnAiB29zYXN1bmEyChAAGIAEGEMYigUyChAAGIAEGEMYigUyChAAGIAEGEMYigUyChAAGIAEGEMYigUyDRAuGIAEGLEDGEMYigUyChAAGIAEGEMYigUyChAAGIAEGEMYigUyCBAAGIAEGLEDMgoQABiABBgUGIcCMgoQABiABBhDGIoFSM0FUABYxQRwAHgBkAEAmAG2AaAB4QeqAQMwLja4AQPIAQD4AQGYAgagAoUIwgIEECMYJ8ICChAjGIAEGCcYigXCAgsQLhiABBixAxiDAcICDhAAGIAEGLEDGIMBGIoFwgILEAAYgAQYsQMYgwHCAgoQLhiABBhDGIoFwgIIEC4YgAQYsQOYAwCSBwMwLjagB9Y4sgcDMC42uAeFCA&sclient=gws-wiz-serp#sie=t;/m/03tc5p;2;/m/09gqx;bbbs;hd;;;;2025-05-25T12:00:00Z&wptab=si:APYL9bsdvePlUvFpoma5fMvhOQ6bvXM76DvGLQOhfQo6Zp3kxNoH6BKiFU3NUK-DDCMYUl50O50je6Y_pgRm3IpRsSlYbsKls-YEcu9yYUL2YnmVQ4YudYQ4Y_xxEGvPHR77C-QcPNH5WvlitVIR5ZYdbAZV6BhrKfuOc9FcVj8vEP3LvNoYfqf9IxATK0SWaeTX_GWCOpUaFnYoyvN3TjEtYbHtMQR5lzA4MZMLQ2KFwoINOBIvPfI%3D,https://www.google.com/search?q=osasuna&sca_esv=8224312d7cb1cb22&rlz=1C1CHZL_esCO906CO906&sxsrf=AHTn8zrV3qJp7Yzu4VS3oit0-l6wZyTZtA%3A1745450447536&ei=z3UJaPrCIKOYwbkPvv6qkQY&ved=0ahUKEwi65pfPpe-MAxUjTDABHT6_KmIQ4dUDCBE&uact=5&oq=osasuna&gs_lp=Egxnd3Mtd2l6LXNlcnAiB29zYXN1bmEyChAAGIAEGEMYigUyChAAGIAEGEMYigUyChAAGIAEGEMYigUyChAAGIAEGEMYigUyDRAuGIAEGLEDGEMYigUyChAAGIAEGEMYigUyChAAGIAEGEMYigUyCBAAGIAEGLEDMgoQABiABBgUGIcCMgoQABiABBhDGIoFSM0FUABYxQRwAHgBkAEAmAG2AaAB4QeqAQMwLja4AQPIAQD4AQGYAgagAoUIwgIEECMYJ8ICChAjGIAEGCcYigXCAgsQLhiABBixAxiDAcICDhAAGIAEGLEDGIMBGIoFwgILEAAYgAQYsQMYgwHCAgoQLhiABBhDGIoFwgIIEC4YgAQYsQOYAwCSBwMwLjagB9Y4sgcDMC42uAeFCA&sclient=gws-wiz-serp#sie=m;/g/11w1j1cthd;2;/m/09gqx;dt;fp;1;;;&wptab=si:APYL9bsdvePlUvFpoma5fMvhOQ6bvXM76DvGLQOhfQo6Zp3kxNoH6BKiFU3NUK-DDCMYUl50O50je6Y_pgRm3IpRsSlYbsKls-YEcu9yYUL2YnmVQ4YudYQ4Y_xxEGvPHR77C-QcPNH5WvlitVIR5ZYdbAZV6BhrKfuOc9FcVj8vEP3LvNoYfqf9IxATK0SWaeTX_GWCOpUaFnYoyvN3TjEtYbHtMQR5lzA4MZMLQ2KFwoINOBIvPfI%3D
Atlético de Madrid,https://www.google.com/search?q=atletico+de+madrid&rlz=1C1CHZL_esCO906CO906&oq=atletico+de+madrid&gs_lcrp=EgZjaHJvbWUqEggAEAAYRhj9ARjjAhixAxiABDISCAAQABhGGP0BGOMCGLEDGIAEMgoIARAuGLEDGIAEMgoIAhAAGLEDGIAEMgcIAxAAGIAEMgcIBBAAGIAEMgcIBRAAGIAEMgcIBhAAGIAEMgcIBxAuGIAEMgcICBAAGIAEMgcICRAuGIAE0gEIMjIyM2owajeoAgCwAgA&sourceid=chrome&ie=UTF-8#sie=t;/m/0lg7v;2;/m/09gqx;bbbs;hd;;;;2025-06-23T19:00:00Z&wptab=si:APYL9btp3RF4rMteeKUUGnuEThopwi3n8zDPOUD_15eeNqymofjNp8Ggx03jTIB85JK2xfZX-PN_WHJ87reP5LTehwdvvpHWqUIShAMRBH0NlhoWnBaeEyQqXqVwveDRKb-hXLnQjhPkLs5mAmJzxKJK7FN72kPNRDMFdggo8NaeN47Nl55zCrP17G7vN9u97N_OGbZyprx3H0wyUrQRgET7B34oOM3t67flr9b3CfkB4ULcNYDa5ww%3D,https://www.google.com/search?q=atletico+de+madrid&rlz=1C1CHZL_esCO906CO906&oq=atletico+de+madrid&gs_lcrp=EgZjaHJvbWUqEggAEAAYRhj9ARjjAhixAxiABDISCAAQABhGGP0BGOMCGLEDGIAEMgoIARAuGLEDGIAEMgoIAhAAGLEDGIAEMgcIAxAAGIAEMgcIBBAAGIAEMgcIBRAAGIAEMgcIBhAAGIAEMgcIBxAuGIAEMgcICBAAGIAEMgcICRAuGIAE0gEIMjIyM2owajeoAgCwAgA&sourceid=chrome&ie=UTF-8#sie=m;/g/11y5mkk28r;2;/m/09gqx;dt;fp;1;;;&wptab=si:APYL9btp3RF4rMteeKUUGnuEThopwi3n8zDPOUD_15eeNqymofjNp8Ggx03jTIB85JK2xfZX-PN_WHJ87reP5LTehwdvvpHWqUIShAMRBH0NlhoWnBaeEyQqXqVwveDRKb-hXLnQjhPkLs5mAmJzxKJK7FN72kPNRDMFdggo8NaeN47Nl55zCrP17G7vN9u97N_OGbZyprx3H0wyUrQRgET7B34oOM3t67flr9b3CfkB4ULcNYDa5ww%3D
Valladolid,https://www.google.com/search?sca_esv=22ca403608f503d2&rlz=1C1CHZL_esCO906CO906&cs=0&sxsrf=AHTn8zqMtQm59s3WwMM9BBewBTBU-yY2ZA:1745456538582&q=Real+Valladolid+Club+de+F%C3%BAtbol&stick=H4sIAAAAAAAAAONgVuLUz9U3MCwyrSh_xGjCLfDyxz1hKe1Ja05eY1Tl4grOyC93zSvJLKkUEudig7J4pbi5ELp4FrHKB6Um5iiEJebkJKbk52SmKDjnlCYppKQquB3eVZKUnwMAJs6BcWYAAAA&ved=2ahUKEwjl1c2nvO-MAxUOH0QIHUJnPNwQukt6BAgCEAs#sie=t;/m/01r5xw;2;/m/09gqx;bbbs;hd;;;;2025-05-25T12:00:00Z&wptab=si:APYL9bsdvePlUvFpoma5fMvhOQ6bvXM76DvGLQOhfQo6Zp3kxNoH6BKiFU3NUK-DDCMYUl50O50je6Y_pgRm3IpRsSlYbsKls-YEcu9yYUL2YnmVQ4YudYQ4Y_xxEGvPHR77C-QcPNH5WvlitVIR5ZYdbAZV_3okW8HIbPRC5D8I8zfN4rzaxn8HjxFCVPOVOED8ncho1UAtiX4AZ1af8dnHpH2UmDT2Cf5-ssKCMNu65my9sfGsDTs%3D,https://www.google.com/search?sca_esv=22ca403608f503d2&rlz=1C1CHZL_esCO906CO906&cs=0&sxsrf=AHTn8zqMtQm59s3WwMM9BBewBTBU-yY2ZA:1745456538582&q=Real+Valladolid+Club+de+F%C3%BAtbol&stick=H4sIAAAAAAAAAONgVuLUz9U3MCwyrSh_xGjCLfDyxz1hKe1Ja05eY1Tl4grOyC93zSvJLKkUEudig7J4pbi5ELp4FrHKB6Um5iiEJebkJKbk52SmKDjnlCYppKQquB3eVZKUnwMAJs6BcWYAAAA&ved=2ahUKEwjl1c2nvO-MAxUOH0QIHUJnPNwQukt6BAgCEAs#sie=m;/g/11w1j1cthd;2;/m/09gqx;dt;fp;1;;;&wptab=si:APYL9bsdvePlUvFpoma5fMvhOQ6bvXM76DvGLQOhfQo6Zp3kxNoH6BKiFU3NUK-DDCMYUl50O50je6Y_pgRm3IpRsSlYbsKls-YEcu9yYUL2YnmVQ4YudYQ4Y_xxEGvPHR77C-QcPNH5WvlitVIR5ZYdbAZV_3okW8HIbPRC5D8I8zfN4rzaxn8HjxFCVPOVOED8ncho1UAtiX4AZ1af8dnHpH2UmDT2Cf5-ssKCMNu65my9sfGsDTs%3D
Chelsea,https://www.google.com/search?q=Chelsea+vs&sca_esv=b3743c3edb8cdec9&rlz=1C1CHZL_esCO906CO906&sxsrf=AHTn8zqnCxyHBzBSAjL34V-VE6_Tooe9gg%3A1745543236186&ei=ROAKaMmTC66ZwbkP8MbEkQk&ved=0ahUKEwjJxaGk__GMAxWuTDABHXAjMZIQ4dUDCBM&uact=5&oq=Chelsea+vs&gs_lp=Egxnd3Mtd2l6LXNlcnAiCkNoZWxzZWEgdnMyEBAAGIAEGLEDGEMYgwEYigUyChAuGIAEGEMYigUyChAAGIAEGEMYigUyCBAAGIAEGLEDMgoQABiABBhDGIoFMgoQABiABBhDGIoFMgoQABiABBhDGIoFMgoQABiABBhDGIoFMgoQABiABBhDGIoFMgoQABiABBhDGIoFSMcDUDhY7wFwAXgBkAEAmAHZAaABggSqAQUwLjIuMbgBA8gBAPgBAZgCBKACnQTCAgoQABiwAxjWBBhHwgINEAAYgAQYsAMYQxiKBcICDhAAGLADGOQCGNYE2AEBwgITEC4YgAQYsAMYQxjIAxiKBdgBAcICDRAuGIAEGLEDGEMYigXCAg0QABiABBixAxhDGIoFwgINEAAYgAQYsQMYFBiHAsICHBAuGIAEGLEDGEMYigUYlwUY3AQY3gQY4ATYAQHCAgoQABiABBgUGIcCmAMAiAYBkAYSugYGCAEQARgJkgcFMS4yLjGgB5wbsgcFMC4yLjG4B5YE&sclient=gws-wiz-serp#sie=t;/m/023fb;2;/m/02_tc;bbbs;hd;;;;2025-06-25T01:00:00Z&wptab=si:APYL9btp3RF4rMteeKUUGnuEThopwi3n8zDPOUD_15eeNqymofjNp8Ggx03jTIB85JK2xfZX-PN_WHJ87reP5LTehwdvvpHWqUIShAMRBH0NlhoWnBaeEyQqXqVwveDRKb-hXLnQjhPkLs5mAmJzxKJK7FN7xsavh0T2y1HsevycNjfqJbCs-6Jd3E0X6gCN220IDSxbC3LFUF9C9Jja4Is1PhzpH_8oUPvdtyhRLINKvLH2gkf6iKs%3D,https://www.google.com/search?q=Chelsea+vs&sca_esv=b3743c3edb8cdec9&rlz=1C1CHZL_esCO906CO906&sxsrf=AHTn8zqnCxyHBzBSAjL34V-VE6_Tooe9gg%3A1745543236186&ei=ROAKaMmTC66ZwbkP8MbEkQk&ved=0ahUKEwjJxaGk__GMAxWuTDABHXAjMZIQ4dUDCBM&uact=5&oq=Chelsea+vs&gs_lp=Egxnd3Mtd2l6LXNlcnAiCkNoZWxzZWEgdnMyEBAAGIAEGLEDGEMYgwEYigUyChAuGIAEGEMYigUyChAAGIAEGEMYigUyCBAAGIAEGLEDMgoQABiABBhDGIoFMgoQABiABBhDGIoFMgoQABiABBhDGIoFMgoQABiABBhDGIoFMgoQABiABBhDGIoFMgoQABiABBhDGIoFSMcDUDhY7wFwAXgBkAEAmAHZAaABggSqAQUwLjIuMbgBA8gBAPgBAZgCBKACnQTCAgoQABiwAxjWBBhHwgINEAAYgAQYsAMYQxiKBcICDhAAGLADGOQCGNYE2AEBwgITEC4YgAQYsAMYQxjIAxiKBdgBAcICDRAuGIAEGLEDGEMYigXCAg0QABiABBixAxhDGIoFwgINEAAYgAQYsQMYFBiHAsICHBAuGIAEGLEDGEMYigUYlwUY3AQY3gQY4ATYAQHCAgoQABiABBgUGIcCmAMAiAYBkAYSugYGCAEQARgJkgcFMS4yLjGgB5wbsgcFMC4yLjG4B5YE&sclient=gws-wiz-serp#sie=m;/g/11y5mgyf1j;2;/m/02_tc;dt;fp;1;;;&wptab=si:APYL9btp3RF4rMteeKUUGnuEThopwi3n8zDPOUD_15eeNqymofjNp8Ggx03jTIB85JK2xfZX-PN_WHJ87reP5LTehwdvvpHWqUIShAMRBH0NlhoWnBaeEyQqXqVwveDRKb-hXLnQjhPkLs5mAmJzxKJK7FN7xsavh0T2y1HsevycNjfqJbCs-6Jd3E0X6gCN220IDSxbC3LFUF9C9Jja4Is1PhzpH_8oUPvdtyhRLINKvLH2gkf6iKs%3D
Everton,https://www.google.com/search?rlz=1C1CHZL_esCO906CO906&sca_esv=b3743c3edb8cdec9&cs=0&sxsrf=AHTn8zrsX2jSTV4yS9iOPOfyYr13fhx0MQ:1745543354629&q=Everton+Football+Club&stick=H4sIAAAAAAAAAONgVuLQz9U3yM1NMXvEaMwt8PLHPWEprUlrTl5jVOHiCs7IL3fNK8ksqRQS42KDsnikuLjgmngWsYq6lqUWleTnKbjl55ckJebkKDjnlCYBALw4IAVaAAAA&ved=2ahUKEwikv93c__GMAxXeL0QIHWW1LUoQukt6BAgCEBY#sie=t;/m/0mmd6;2;/m/02_tc;bbbs;hd;;;;2025-08-03T21:00:00Z&wptab=si:APYL9btp3RF4rMteeKUUGnuEThopwi3n8zDPOUD_15eeNqymofjNp8Ggx03jTIB85JK2xfZX-PN_WHJ87reP5LTehwdvvpHWqUIShAMRBH0NlhoWnBaeEyQqXqVwveDRKb-hXLnQjhPkLs5mAmJzxKJK7FN7fsUgtt1eLDA9qHs2xl1Qpyk14kC0WEkIUGwaHhE_2smXk4wKv93AbozjioIYtzC4Rgl2LowovsMiG4BwZ7WXrfB9EHo%3D,https://www.google.com/search?rlz=1C1CHZL_esCO906CO906&sca_esv=b3743c3edb8cdec9&cs=0&sxsrf=AHTn8zrsX2jSTV4yS9iOPOfyYr13fhx0MQ:1745543354629&q=Everton+Football+Club&stick=H4sIAAAAAAAAAONgVuLQz9U3yM1NMXvEaMwt8PLHPWEprUlrTl5jVOHiCs7IL3fNK8ksqRQS42KDsnikuLjgmngWsYq6lqUWleTnKbjl55ckJebkKDjnlCYBALw4IAVaAAAA&ved=2ahUKEwikv93c__GMAxXeL0QIHWW1LUoQukt6BAgCEBY#sie=m;/g/11y5mgcxwj;2;/m/02_tc;dt;fp;1;;;&wptab=si:APYL9btp3RF4rMteeKUUGnuEThopwi3n8zDPOUD_15eeNqymofjNp8Ggx03jTIB85JK2xfZX-PN_WHJ87reP5LTehwdvvpHWqUIShAMRBH0NlhoWnBaeEyQqXqVwveDRKb-hXLnQjhPkLs5mAmJzxKJK7FN7fsUgtt1eLDA9qHs2xl1Qpyk14kC0WEkIUGwaHhE_2smXk4wKv93AbozjioIYtzC4Rgl2LowovsMiG4BwZ7WXrfB9EHo%3D
Wolves,https://www.google.com/search?q=wolves+partidos&rlz=1C1CHZL_esCO906CO906&oq=wolves+partidos&gs_lcrp=EgZjaHJvbWUyDggAEEUYORhGGP0BGIAEMggIARAAGBYYHjIICAIQABgWGB4yCAgDEAAYFhgeMggIBBAAGBYYHjIICAUQABgWGB4yCAgGEAAYFhgeMggIBxAAGBYYHjIICAgQABgWGB4yCAgJEAAYFhge0gEIMjY1NWowajmoAgCwAgA&sourceid=chrome&ie=UTF-8#sie=t;/m/01fwqn;2;/m/02_tc;bs;hd;;;;2025-04-26T14:00:00Z,https://www.google.com/search?q=wolves+partidos&rlz=1C1CHZL_esCO906CO906&oq=wolves+partidos&gs_lcrp=EgZjaHJvbWUyDggAEEUYORhGGP0BGIAEMggIARAAGBYYHjIICAIQABgWGB4yCAgDEAAYFhgeMggIBBAAGBYYHjIICAUQABgWGB4yCAgGEAAYFhgeMggIBxAAGBYYHjIICAgQABgWGB4yCAgJEAAYFhge0gEIMjY1NWowajmoAgCwAgA&sourceid=chrome&ie=UTF-8#sie=m;/g/11y5mgyf1h;2;/m/02_tc;dt;fp;1;;;
Leicester City,https://www.google.com/search?q=leicester+city+partidos&rlz=1C1CHZL_esCO906CO906&oq=leicester+city+partidos&gs_lcrp=EgZjaHJvbWUyBggAEEUYOTISCAEQABhDGIMBGLEDGIAEGIoFMhIIAhAuGEMYgwEYsQMYgAQYigUyDAgDEAAYQxiABBiKBTIMCAQQABhDGIAEGIoFMgwIBRAAGEMYgAQYigUyDAgGEAAYQxiABBiKBTIMCAcQABhDGIAEGIoFMgYICBAAGAMyDAgJEAAYQxiABBiKBdIBCDQ3OTlqMGo5qAIAsAIA&sourceid=chrome&ie=UTF-8#sie=t;/m/01rlzn;2;/m/02_tc;bs;hd;;;;2025-04-26T14:00:00Z,https://www.google.com/search?q=leicester+city+partidos&rlz=1C1CHZL_esCO906CO906&oq=leicester+city+partidos&gs_lcrp=EgZjaHJvbWUyBggAEEUYOTISCAEQABhDGIMBGLEDGIAEGIoFMhIIAhAuGEMYgwEYsQMYgAQYigUyDAgDEAAYQxiABBiKBTIMCAQQABhDGIAEGIoFMgwIBRAAGEMYgAQYigUyDAgGEAAYQxiABBiKBTIMCAcQABhDGIAEGIoFMgYICBAAGAMyDAgJEAAYQxiABBiKBdIBCDQ3OTlqMGo5qAIAsAIA&sourceid=chrome&ie=UTF-8#sie=m;/g/11w3rtxr58;2;/m/02_tc;dt;fp;1;;;
Newcastle,https://www.google.com/search?q=newcastle+united&sca_esv=b3743c3edb8cdec9&rlz=1C1CHZL_esCO906CO906&sxsrf=AHTn8zqiZxangdu_NTiOR4_L5swPfzylyQ%3A1745545415921&ei=x-gKaJj6N7mLwbkPqISHoA0&gs_ssp=eJzj4tDP1TdIK8upNGD0EshLLU9OLC7JSVUozcssSU0BAIUACck&oq=newc&gs_lp=Egxnd3Mtd2l6LXNlcnAiBG5ld2MqAggBMgoQIxiABBgnGIoFMg0QLhiABBixAxhDGIoFMgoQABiABBhDGIoFMgoQABiABBhDGIoFMgoQABiABBhDGIoFMgoQABiABBhDGIoFMg0QABiABBixAxhDGIoFMgoQABiABBhDGIoFMgoQABiABBhDGIoFMgoQABiABBhDGIoFSJ4lUABY9xpwCHgBkAEAmAHTAaABgBCqAQUwLjguM7gBA8gBAPgBAZgCE6AC-BCoAhHCAgcQIxgnGOoCwgIUEAAYgAQY4wQYtAIY6QQY6gLYAQHCAgQQIxgnwgIKEC4YgAQYQxiKBcICEBAuGIAEGNEDGEMYxwEYigXCAhkQLhiABBhDGIoFGJcFGNwEGN4EGOAE2AEBwgITEC4YgAQYsQMY0QMYQxjHARiKBcICEBAuGIAEGLEDGEMYgwEYigXCAggQABiABBixA8ICDhAuGIAEGLEDGNEDGMcBwgIKEAAYgAQYFBiHAsICCBAuGIAEGLEDwgISEAAYgAQYsQMYQxiKBRhGGP0BwgIeEAAYgAQYsQMYQxiKBRhGGP0BGJcFGIwFGN0E2AEBwgILEAAYgAQYsQMYgwHCAhEQLhiABBixAxjRAxiDARjHAZgDBvEFwDLAdbgbtni6BgYIARABGAGSBwU4LjguM6AHk5gBsgcFMC44LjO4B8YQ&sclient=gws-wiz-serp#sie=t;/m/0fvly;2;/m/02_tc;bbbs;hd;;;;2025-07-27T11:30:00Z&wptab=si:APYL9btp3RF4rMteeKUUGnuEThopwi3n8zDPOUD_15eeNqymofjNp8Ggx03jTIB85JK2xfZX-PN_WHJ87reP5LTehwdvvpHWqUIShAMRBH0NlhoWnBaeEyQqXqVwveDRKb-hXLnQjhPkLs5mAmJzxKJK7FN7S42MGrWZwJQ_QFCeisZ-IxP3ybi5TtcdiQN53MJtAHqruSZ9B_52jumMLAOd76Rx963fIpgcsiZ6jEgZTZYxof0DExQ%3D,https://www.google.com/search?q=newcastle+united&sca_esv=b3743c3edb8cdec9&rlz=1C1CHZL_esCO906CO906&sxsrf=AHTn8zqiZxangdu_NTiOR4_L5swPfzylyQ%3A1745545415921&ei=x-gKaJj6N7mLwbkPqISHoA0&gs_ssp=eJzj4tDP1TdIK8upNGD0EshLLU9OLC7JSVUozcssSU0BAIUACck&oq=newc&gs_lp=Egxnd3Mtd2l6LXNlcnAiBG5ld2MqAggBMgoQIxiABBgnGIoFMg0QLhiABBixAxhDGIoFMgoQABiABBhDGIoFMgoQABiABBhDGIoFMgoQABiABBhDGIoFMgoQABiABBhDGIoFMg0QABiABBixAxhDGIoFMgoQABiABBhDGIoFMgoQABiABBhDGIoFMgoQABiABBhDGIoFSJ4lUABY9xpwCHgBkAEAmAHTAaABgBCqAQUwLjguM7gBA8gBAPgBAZgCE6AC-BCoAhHCAgcQIxgnGOoCwgIUEAAYgAQY4wQYtAIY6QQY6gLYAQHCAgQQIxgnwgIKEC4YgAQYQxiKBcICEBAuGIAEGNEDGEMYxwEYigXCAhkQLhiABBhDGIoFGJcFGNwEGN4EGOAE2AEBwgITEC4YgAQYsQMY0QMYQxjHARiKBcICEBAuGIAEGLEDGEMYgwEYigXCAggQABiABBixA8ICDhAuGIAEGLEDGNEDGMcBwgIKEAAYgAQYFBiHAsICCBAuGIAEGLEDwgISEAAYgAQYsQMYQxiKBRhGGP0BwgIeEAAYgAQYsQMYQxiKBRhGGP0BGJcFGIwFGN0E2AEBwgILEAAYgAQYsQMYgwHCAhEQLhiABBixAxjRAxiDARjHAZgDBvEFwDLAdbgbtni6BgYIARABGAGSBwU4LjguM6AHk5gBsgcFMC44LjO4B8YQ&sclient=gws-wiz-serp#sie=m;/g/11w1hz7yls;2;/m/02_tc;dt;fp;1;;;&wptab=si:APYL9btp3RF4rMteeKUUGnuEThopwi3n8zDPOUD_15eeNqymofjNp8Ggx03jTIB85JK2xfZX-PN_WHJ87reP5LTehwdvvpHWqUIShAMRBH0NlhoWnBaeEyQqXqVwveDRKb-hXLnQjhPkLs5mAmJzxKJK7FN7S42MGrWZwJQ_QFCeisZ-IxP3ybi5TtcdiQN53MJtAHqruSZ9B_52jumMLAOd76Rx963fIpgcsiZ6jEgZTZYxof0DExQ%3D
Ipswich,https://www.google.com/search?q=ipswich+partidos&sca_esv=b3743c3edb8cdec9&rlz=1C1CHZL_esCO906CO906&sxsrf=AHTn8zrL0NiCxS7c-IPxQXvp3DZpVkyDhA%3A1745545518381&ei=LukKaM2GF6qTwbkPop6UwA0&ved=0ahUKEwjN1b_kh_KMAxWqSTABHSIPBdgQ4dUDCBM&uact=5&oq=ipswich+partidos&gs_lp=Egxnd3Mtd2l6LXNlcnAiEGlwc3dpY2ggcGFydGlkb3MyDxAAGIAEGBQYhwIYRhj9ATIKEAAYgAQYFBiHAjIGEAAYFhgeMggQABgWGAoYHjIGEAAYFhgeMgYQABgWGB4yBhAAGBYYHjIGEAAYFhgeMgYQABgWGB4yBhAAGBYYHjIbEAAYgAQYFBiHAhhGGP0BGJcFGIwFGN0E2AEBSNENUPoEWPIMcAJ4AZABAJgBwQGgAcQKqgEDMC44uAEDyAEA-AEBmAIKoAKOC8ICChAAGLADGNYEGEfCAg0QABiABBiwAxhDGIoFwgIOEAAYsAMY5AIY1gTYAQHCAhMQLhiABBiwAxhDGMgDGIoF2AEBwgIZEC4YgAQYsAMYQxjHARjIAxiKBRivAdgBAcICChAjGIAEGCcYigXCAgoQLhiABBhDGIoFwgIKEAAYgAQYQxiKBcICBBAAGAPCAgUQABiABMICCBAAGIAEGMsBwgIOEC4YgAQYxwEYywEYrwHCAggQLhiABBjLAZgDAIgGAZAGEroGBggBEAEYCZIHAzIuOKAH10iyBwMwLji4B4AL&sclient=gws-wiz-serp#sie=t;/m/01zhs3;2;/m/02_tc;bs;hd;;;;2025-04-26T14:00:00Z,https://www.google.com/search?q=ipswich+partidos&sca_esv=b3743c3edb8cdec9&rlz=1C1CHZL_esCO906CO906&sxsrf=AHTn8zrL0NiCxS7c-IPxQXvp3DZpVkyDhA%3A1745545518381&ei=LukKaM2GF6qTwbkPop6UwA0&ved=0ahUKEwjN1b_kh_KMAxWqSTABHSIPBdgQ4dUDCBM&uact=5&oq=ipswich+partidos&gs_lp=Egxnd3Mtd2l6LXNlcnAiEGlwc3dpY2ggcGFydGlkb3MyDxAAGIAEGBQYhwIYRhj9ATIKEAAYgAQYFBiHAjIGEAAYFhgeMggQABgWGAoYHjIGEAAYFhgeMgYQABgWGB4yBhAAGBYYHjIGEAAYFhgeMgYQABgWGB4yBhAAGBYYHjIbEAAYgAQYFBiHAhhGGP0BGJcFGIwFGN0E2AEBSNENUPoEWPIMcAJ4AZABAJgBwQGgAcQKqgEDMC44uAEDyAEA-AEBmAIKoAKOC8ICChAAGLADGNYEGEfCAg0QABiABBiwAxhDGIoFwgIOEAAYsAMY5AIY1gTYAQHCAhMQLhiABBiwAxhDGMgDGIoF2AEBwgIZEC4YgAQYsAMYQxjHARjIAxiKBRivAdgBAcICChAjGIAEGCcYigXCAgoQLhiABBhDGIoFwgIKEAAYgAQYQxiKBcICBBAAGAPCAgUQABiABMICCBAAGIAEGMsBwgIOEC4YgAQYxwEYywEYrwHCAggQLhiABBjLAZgDAIgGAZAGEroGBggBEAEYCZIHAzIuOKAH10iyBwMwLji4B4AL&sclient=gws-wiz-serp#sie=m;/g/11w1hz8y34;2;/m/02_tc;dt;fp;1;;;
Rayo Vallecano,https://www.google.com/search?sca_esv=c16ee7d0133e54f0&rlz=1C1CHZL_esCO906CO906&cs=0&sxsrf=AHTn8zoPJEonBGMIFSXWf7PyVHRnXUYDgQ:1746138964810&q=Rayo+Vallecano+de+Madrid&stick=H4sIAAAAAAAAAONgVuLUz9U3MC5JMS17xGjCLfDyxz1hKe1Ja05eY1Tl4grOyC93zSvJLKkUEudig7J4pbi5ELp4FrFKBCVW5iuEJebkpCYn5uUrpKQq-CamFGWmAAC7jAPYXwAAAA&ved=2ahUKEwiX8OXFqoONAxW5LtAFHWGeMPoQukt6BAgCEBU#sie=t;/m/03td5v;2;/m/09gqx;bbbs;hd;;;;2025-05-25T12:00:00Z&wptab=si:APYL9bsdvePlUvFpoma5fMvhOQ6bvXM76DvGLQOhfQo6Zp3kxNoH6BKiFU3NUK-DDCMYUl50O50je6Y_pgRm3IpRsSlYbsKls-YEcu9yYUL2YnmVQ4YudYQ4Y_xxEGvPHR77C-QcPNH5WvlitVIR5ZYdbAZVpR98hm-rGJwRGPDel94McnPGkzTp3cOndZ1xJhYPYq_HbrG56-Vc7rxLlXT3kmAO84Ldll1BkRT3cclRccObO1UCQdY%3D,https://www.google.com/search?sca_esv=c16ee7d0133e54f0&rlz=1C1CHZL_esCO906CO906&cs=0&sxsrf=AHTn8zoPJEonBGMIFSXWf7PyVHRnXUYDgQ:1746138964810&q=Rayo+Vallecano+de+Madrid&stick=H4sIAAAAAAAAAONgVuLUz9U3MC5JMS17xGjCLfDyxz1hKe1Ja05eY1Tl4grOyC93zSvJLKkUEudig7J4pbi5ELp4FrFKBCVW5iuEJebkpCYn5uUrpKQq-CamFGWmAAC7jAPYXwAAAA&ved=2ahUKEwiX8OXFqoONAxW5LtAFHWGeMPoQukt6BAgCEBU#sie=m;/g/11w1j0_qg4;2;/m/09gqx;dt;fp;1;;;&wptab=si:APYL9bsdvePlUvFpoma5fMvhOQ6bvXM76DvGLQOhfQo6Zp3kxNoH6BKiFU3NUK-DDCMYUl50O50je6Y_pgRm3IpRsSlYbsKls-YEcu9yYUL2YnmVQ4YudYQ4Y_xxEGvPHR77C-QcPNH5WvlitVIR5ZYdbAZVpR98hm-rGJwRGPDel94McnPGkzTp3cOndZ1xJhYPYq_HbrG56-Vc7rxLlXT3kmAO84Ldll1BkRT3cclRccObO1UCQdY%3D
Manchester City,https://www.google.com/search?q=city+vs&rlz=1C1CHZL_esCO906CO906&oq=city+vs&gs_lcrp=EgZjaHJvbWUyEwgAEEUYJxg5GEYY_QEYgAQYigUyDAgBECMYJxiABBiKBTISCAIQLhhDGLEDGMkDGIAEGIoFMg0IAxAAGJIDGIAEGIoFMg0IBBAAGJIDGIAEGIoFMhIIBRAAGEMYgwEYsQMYgAQYigUyDAgGEAAYQxiABBiKBTIGCAcQRRg80gEIMTQzOWowajmoAgCwAgE&sourceid=chrome&ie=UTF-8#sie=t;/m/01634x;2;/m/02_tc;bbbs;hd;;;;2025-06-26T19:00:00Z&wptab=si:APYL9bsdvePlUvFpoma5fMvhOQ6bvXM76DvGLQOhfQo6Zp3kxNoH6BKiFU3NUK-DDCMYUl50O50je6Y_pgRm3IpRsSlYbsKls-YEcu9yYUL2YnmVQ4YudYQ4Y_xxEGvPHR77C-QcPNH5WvlitVIR5ZYdbAZVGQJOstNIrdGb5CIXeQeXyUBMM20arEcX9OUhBIipPy8rieW2qQFbOAEYaLfwy6UgLp65yV8NcBI8KrYFYnnZaMMB58E%3D,https://www.google.com/search?q=city+vs&rlz=1C1CHZL_esCO906CO906&oq=city+vs&gs_lcrp=EgZjaHJvbWUyEwgAEEUYJxg5GEYY_QEYgAQYigUyDAgBECMYJxiABBiKBTISCAIQLhhDGLEDGMkDGIAEGIoFMg0IAxAAGJIDGIAEGIoFMg0IBBAAGJIDGIAEGIoFMhIIBRAAGEMYgwEYsQMYgAQYigUyDAgGEAAYQxiABBiKBTIGCAcQRRg80gEIMTQzOWowajmoAgCwAgE&sourceid=chrome&ie=UTF-8#sie=m;/g/11m71ty9sn;2;/m/02_p0;dt;fp;1;;;&wptab=si:APYL9bsdvePlUvFpoma5fMvhOQ6bvXM76DvGLQOhfQo6Zp3kxNoH6BKiFU3NUK-DDCMYUl50O50je6Y_pgRm3IpRsSlYbsKls-YEcu9yYUL2YnmVQ4YudYQ4Y_xxEGvPHR77C-QcPNH5WvlitVIR5ZYdbAZVGQJOstNIrdGb5CIXeQeXyUBMM20arEcX9OUhBIipPy8rieW2qQFbOAEYaLfwy6UgLp65yV8NcBI8KrYFYnnZaMMB58E%3D
Heidenheim,https://www.google.com/search?rlz=1C1CHZL_esCO906CO906&sca_esv=219e40ae4658da95&cs=0&sxsrf=AHTn8zoytgtB3FzHUBv4Tt8zahgT27sorA:1746141738387&q=1.+FC+Heidenheim+1846&stick=H4sIAAAAAAAAAONgVuLSz9U3MCrKKywze8Royi3w8sc9YSmdSWtOXmNU4-IKzsgvd80rySypFJLgYoOy-KR4uJC08SxiFTXUU3BzVvBIzUxJzctIzcxVMLQwMQMAgqrall4AAAA&ved=2ahUKEwiezKvwtIONAxWZD9AFHdl_GJMQukt6BAgCEBU#sie=t;/m/02rnqv6;2;/m/037169;bbbs;hd;;;;2025-05-17T13:30:00Z&wptab=si:APYL9buA3KKcsw3wGt-6FjQ-zfm_3HpmSoBelfkO9MczsxsNbSvfXD13dQHjEy9zxNMNCOtEtfLETNyn-36sazRfBea35jMUr18heGeCzeWGIgYpe1IIdZmsCkHPYvcNz4H7hlLYbRK3Uk4-73EHUDZvODASQgKViY-1plIBqnqvltSpbWQKe6MeV-rla0lfLO1ehSrhrIzi7_CXN-ppBUAlxxpzQ7Al_32m4-ypFhFHAic3lJaxJsY%3D,https://www.google.com/search?rlz=1C1CHZL_esCO906CO906&sca_esv=219e40ae4658da95&cs=0&sxsrf=AHTn8zoytgtB3FzHUBv4Tt8zahgT27sorA:1746141738387&q=1.+FC+Heidenheim+1846&stick=H4sIAAAAAAAAAONgVuLSz9U3MCrKKywze8Royi3w8sc9YSmdSWtOXmNU4-IKzsgvd80rySypFJLgYoOy-KR4uJC08SxiFTXUU3BzVvBIzUxJzctIzcxVMLQwMQMAgqrall4AAAA&ved=2ahUKEwiezKvwtIONAxWZD9AFHdl_GJMQukt6BAgCEBU#sie=m;/g/11y668y0g1;2;/m/037169;dt;fp;1;;;&wptab=si:APYL9buA3KKcsw3wGt-6FjQ-zfm_3HpmSoBelfkO9MczsxsNbSvfXD13dQHjEy9zxNMNCOtEtfLETNyn-36sazRfBea35jMUr18heGeCzeWGIgYpe1IIdZmsCkHPYvcNz4H7hlLYbRK3Uk4-73EHUDZvODASQgKViY-1plIBqnqvltSpbWQKe6MeV-rla0lfLO1ehSrhrIzi7_CXN-ppBUAlxxpzQ7Al_32m4-ypFhFHAic3lJaxJsY%3D
Bochum,https://www.google.com/search?q=bochum+partidos&rlz=1C1CHZL_esCO906CO906&sca_esv=219e40ae4658da95&cs=0&sxsrf=AHTn8zqa14sX-31hbVtBkfE5s_C1BmusXg%3A1746141833673&ei=iQIUaMTsKOz6wbkPmOHI6AE&ved=0ahUKEwiE1eSdtYONAxVsfTABHZgwEh0Q4dUDCBI&uact=5&oq=bochum+partidos&gs_lp=Egxnd3Mtd2l6LXNlcnAiD2JvY2h1bSBwYXJ0aWRvczIFEAAYgAQyBhAAGBYYHjIGEAAYFhgeMgYQABgWGB4yBhAAGBYYHjIGEAAYFhgeMgYQABgWGB4yBRAAGO8FMgUQABjvBTIFEAAY7wVIygpQ5AFYmglwAXgBkAEBmAGCAqAB7AuqAQUwLjguMbgBA8gBAPgBAZgCCaACmwrCAgoQABiwAxjWBBhHwgINEAAYgAQYsAMYQxiKBcICDhAAGLADGOQCGNYE2AEBwgITEC4YgAQYsAMYQxjIAxiKBdgBAcICGRAuGIAEGLADGEMYxwEYyAMYigUYrwHYAQHCAgoQLhiABBhDGIoFwgIKEAAYgAQYQxiKBcICGRAuGIAEGEMYigUYlwUY3AQY3gQY4ATYAQHCAgoQABiABBgUGIcCwgIIEAAYgAQYywHCAggQABgWGAoYHpgDAIgGAZAGEroGBggBEAEYCZIHAzEuOKAHkzqyBwMwLji4B5MK&sclient=gws-wiz-serp#sie=t;/m/02k9k9;2;/m/037169;bs;hd;;;;2025-05-02T18:30:00Z,https://www.google.com/search?q=bochum+partidos&rlz=1C1CHZL_esCO906CO906&sca_esv=219e40ae4658da95&cs=0&sxsrf=AHTn8zqa14sX-31hbVtBkfE5s_C1BmusXg%3A1746141833673&ei=iQIUaMTsKOz6wbkPmOHI6AE&ved=0ahUKEwiE1eSdtYONAxVsfTABHZgwEh0Q4dUDCBI&uact=5&oq=bochum+partidos&gs_lp=Egxnd3Mtd2l6LXNlcnAiD2JvY2h1bSBwYXJ0aWRvczIFEAAYgAQyBhAAGBYYHjIGEAAYFhgeMgYQABgWGB4yBhAAGBYYHjIGEAAYFhgeMgYQABgWGB4yBRAAGO8FMgUQABjvBTIFEAAY7wVIygpQ5AFYmglwAXgBkAEBmAGCAqAB7AuqAQUwLjguMbgBA8gBAPgBAZgCCaACmwrCAgoQABiwAxjWBBhHwgINEAAYgAQYsAMYQxiKBcICDhAAGLADGOQCGNYE2AEBwgITEC4YgAQYsAMYQxjIAxiKBdgBAcICGRAuGIAEGLADGEMYxwEYyAMYigUYrwHYAQHCAgoQLhiABBhDGIoFwgIKEAAYgAQYQxiKBcICGRAuGIAEGEMYigUYlwUY3AQY3gQY4ATYAQHCAgoQABiABBgUGIcCwgIIEAAYgAQYywHCAggQABgWGAoYHpgDAIgGAZAGEroGBggBEAEYCZIHAzEuOKAHkzqyBwMwLji4B5MK&sclient=gws-wiz-serp#sie=m;/g/11w22kkcq6;2;/m/037169;dt;fp;1;;;
Reims,https://www.google.com/search?q=reims+vs&rlz=1C1CHZL_esCO906CO906&sca_esv=219e40ae4658da95&cs=0&sxsrf=AHTn8zpH3ELj5P1n-U8ikoj9YVq5-RxtZA%3A1746142871341&ei=lwYUaLPOFJeEwbkPkbac4Ac&ved=0ahUKEwjz9cqMuYONAxUXQjABHREbB3wQ4dUDCBI&uact=5&oq=reims+vs&gs_lp=Egxnd3Mtd2l6LXNlcnAiCHJlaW1zIHZzMgoQABiABBhDGIoFMgUQABiABDIKEAAYgAQYQxiKBTIKEAAYgAQYQxiKBTIKEC4YgAQYQxiKBTIKEAAYgAQYQxiKBTIKEC4YgAQYQxiKBTIKEAAYgAQYQxiKBTIKEAAYgAQYQxiKBTIKEAAYgAQYQxiKBUigG1AAWKgacAJ4AZABAZgB8wGgAasOqgEGMC4xMC4xuAEDyAEA-AEBmAIIoAKgCMICChAjGIAEGCcYigXCAgoQLhiABBgnGIoFwgIIEC4YgAQYsQPCAg0QLhiABBixAxhDGIoFwgIIEAAYgAQYywGYAwCSBwMyLjagB_iRAbIHAzAuNrgHkwg&sclient=gws-wiz-serp#sie=t;/m/083my7;2;/m/044hxl;bbbs;hd;;;;2025-05-24T19:00:00Z&wptab=si:APYL9bsdvePlUvFpoma5fMvhOQ6bvXM76DvGLQOhfQo6Zp3kxNoH6BKiFU3NUK-DDCMYUl50O50je6Y_pgRm3IpRsSlYbsKls-YEcu9yYUL2YnmVQ4YudYQ4Y_xxEGvPHR77C-QcPNH5WvlitVIR5ZYdbAZVq3mVV-GQuA2ALpbQbvCgd6Uo57oC1dX2oNoiN0goypS2mTaWwF8OeaSf3Z3gDAfhHr43gmmOCJgsKinW8M-0zvJSlPA%3D,https://www.google.com/search?q=reims+vs&rlz=1C1CHZL_esCO906CO906&sca_esv=219e40ae4658da95&cs=0&sxsrf=AHTn8zpH3ELj5P1n-U8ikoj9YVq5-RxtZA%3A1746142871341&ei=lwYUaLPOFJeEwbkPkbac4Ac&ved=0ahUKEwjz9cqMuYONAxUXQjABHREbB3wQ4dUDCBI&uact=5&oq=reims+vs&gs_lp=Egxnd3Mtd2l6LXNlcnAiCHJlaW1zIHZzMgoQABiABBhDGIoFMgUQABiABDIKEAAYgAQYQxiKBTIKEAAYgAQYQxiKBTIKEC4YgAQYQxiKBTIKEAAYgAQYQxiKBTIKEC4YgAQYQxiKBTIKEAAYgAQYQxiKBTIKEAAYgAQYQxiKBTIKEAAYgAQYQxiKBUigG1AAWKgacAJ4AZABAZgB8wGgAasOqgEGMC4xMC4xuAEDyAEA-AEBmAIIoAKgCMICChAjGIAEGCcYigXCAgoQLhiABBgnGIoFwgIIEC4YgAQYsQPCAg0QLhiABBixAxhDGIoFwgIIEAAYgAQYywGYAwCSBwMyLjagB_iRAbIHAzAuNrgHkwg&sclient=gws-wiz-serp#sie=m;/g/11w1lqp7j6;2;/m/044hxl;dt;fp;1;;;&wptab=si:APYL9bsdvePlUvFpoma5fMvhOQ6bvXM76DvGLQOhfQo6Zp3kxNoH6BKiFU3NUK-DDCMYUl50O50je6Y_pgRm3IpRsSlYbsKls-YEcu9yYUL2YnmVQ4YudYQ4Y_xxEGvPHR77C-QcPNH5WvlitVIR5ZYdbAZVq3mVV-GQuA2ALpbQbvCgd6Uo57oC1dX2oNoiN0goypS2mTaWwF8OeaSf3Z3gDAfhHr43gmmOCJgsKinW8M-0zvJSlPA%3D
São Paulo,https://www.google.com/search?q=sao+pablo+vs&rlz=1C1CHZL_esCO906CO906&oq=sao+pablo+vs&gs_lcrp=EgZjaHJvbWUyBggAEEUYOTIMCAEQIxgnGIAEGIoFMg8IAhAuGEMYsQMYgAQYigUyDAgDEAAYQxiABBiKBTIPCAQQABhDGLEDGIAEGIoFMg8IBRAuGEMYsQMYgAQYigUyDAgGEAAYQxiABBiKBTISCAcQLhgUGK8BGMcBGIcCGIAEMgwICBAAGBQYhwIYgAQyBwgJEAAYgATSAQgxOTM1ajBqN6gCALACAA&sourceid=chrome&ie=UTF-8#sie=t;/m/019m42;2;/m/0fnk7q;bbbs;hd;;;;2025-08-30T12:00:00Z&wptab=si:APYL9bsdvePlUvFpoma5fMvhOQ6bvXM76DvGLQOhfQo6Zp3kxNoH6BKiFU3NUK-DDCMYUl50O50je6Y_pgRm3IpRsSlYbsKls-YEcu9yYUL2YnmVQ4YudYQ4Y_xxEGvPHR77C-QcPNH5WvlitVIR5ZYdbAZVNJ-GHgWywaKp-ZEC37a_z_QHNzWgZlAGWyyUa8SkOve5Sx8MdYWFyeOfNWZGepBJnkBn4gsv4b7t5qUrSksTnIPBsg0%3D,https://www.google.com/search?q=sao+pablo+vs&rlz=1C1CHZL_esCO906CO906&oq=sao+pablo+vs&gs_lcrp=EgZjaHJvbWUyBggAEEUYOTIMCAEQIxgnGIAEGIoFMg8IAhAuGEMYsQMYgAQYigUyDAgDEAAYQxiABBiKBTIPCAQQABhDGLEDGIAEGIoFMg8IBRAuGEMYsQMYgAQYigUyDAgGEAAYQxiABBiKBTISCAcQLhgUGK8BGMcBGIcCGIAEMgwICBAAGBQYhwIYgAQyBwgJEAAYgATSAQgxOTM1ajBqN6gCALACAA&sourceid=chrome&ie=UTF-8#sie=m;/g/11x6dvcmkl;2;/m/04wpb1;dt;fp;1;;;&wptab=si:APYL9bsdvePlUvFpoma5fMvhOQ6bvXM76DvGLQOhfQo6Zp3kxNoH6BKiFU3NUK-DDCMYUl50O50je6Y_pgRm3IpRsSlYbsKls-YEcu9yYUL2YnmVQ4YudYQ4Y_xxEGvPHR77C-QcPNH5WvlitVIR5ZYdbAZVNJ-GHgWywaKp-ZEC37a_z_QHNzWgZlAGWyyUa8SkOve5Sx8MdYWFyeOfNWZGepBJnkBn4gsv4b7t5qUrSksTnIPBsg0%3D
Fortaleza,https://www.google.com/search?q=fortaleza+ce&sca_esv=219e40ae4658da95&rlz=1C1CHZL_esCO906CO906&sxsrf=AHTn8zph8BfXydRKuSFqKL0-jAqKejxyEw%3A1746144178344&ei=sgsUaL_rFN6GwbkPxsfyqAk&gs_ssp=eJzj4tTP1TcwNk_LNjZg9OJJyy8qScxJrUpUSE4FAFvIB7Q&oq=fortaleza+&gs_lp=Egxnd3Mtd2l6LXNlcnAiCmZvcnRhbGV6YSAqAggCMg0QLhiABBixAxhDGIoFMgoQABiABBhDGIoFMg0QLhiABBixAxhDGIoFMg4QABiABBixAxiDARiKBTIIEAAYgAQYsQMyBRAAGIAEMg4QABiABBixAxiDARiKBTIFEAAYgAQyDhAAGIAEGLEDGIMBGIoFMgUQABiABDIcEC4YgAQYsQMYQxiKBRiXBRjcBBjeBBjgBNgBAUjFKlAAWMYIcAF4AZABAZgBrgGgAZ4LqgEDMC45uAEByAEA-AEBmAILoALHRcICChAjGIAEGCcYigXCAgoQLhiABBhDGIoFwgIOEC4YgAQYsQMYgwEYigXCAhkQLhiABBhDGIoFGJcFGNwEGN4EGOAE2AEBwgILEAAYgAQYsQMYgwHCAg4QLhiABBixAxjRAxjHAcICCBAuGIAEGLEDwgIFEC4YgATCAgoQABiwAxjWBBhHwgINEAAYgAQYsAMYQxiKBcICDhAAGLADGOQCGNYE2AEBwgITEC4YgAQYsAMYQxjIAxiKBdgBAZgDAIgGAZAGEroGBggBEAEYFJIHBzEuOC45LTKgB5husgcHMC44LjktMrgHvkU&sclient=gws-wiz-serp#sie=t;/m/037fk3;2;/m/0fnk7q;bbbs;hd;;;;2025-08-23T12:00:00Z&wptab=si:APYL9bsdvePlUvFpoma5fMvhOQ6bvXM76DvGLQOhfQo6Zp3kxNoH6BKiFU3NUK-DDCMYUl50O50je6Y_pgRm3IpRsSlYbsKls-YEcu9yYUL2YnmVQ4YudYQ4Y_xxEGvPHR77C-QcPNH5WvlitVIR5ZYdbAZVaDz1RTr_jnSkd2VeVGeK6iXvvlQohxm43e1-PWkrFvg0cZtpIT2qAK-RYzeQ10q9PgAGRRYGo5SRau9UeUdPYQcV6wo733LLACL6qxYRSO9pCRsO,https://www.google.com/search?q=fortaleza+ce&sca_esv=219e40ae4658da95&rlz=1C1CHZL_esCO906CO906&sxsrf=AHTn8zph8BfXydRKuSFqKL0-jAqKejxyEw%3A1746144178344&ei=sgsUaL_rFN6GwbkPxsfyqAk&gs_ssp=eJzj4tTP1TcwNk_LNjZg9OJJyy8qScxJrUpUSE4FAFvIB7Q&oq=fortaleza+&gs_lp=Egxnd3Mtd2l6LXNlcnAiCmZvcnRhbGV6YSAqAggCMg0QLhiABBixAxhDGIoFMgoQABiABBhDGIoFMg0QLhiABBixAxhDGIoFMg4QABiABBixAxiDARiKBTIIEAAYgAQYsQMyBRAAGIAEMg4QABiABBixAxiDARiKBTIFEAAYgAQyDhAAGIAEGLEDGIMBGIoFMgUQABiABDIcEC4YgAQYsQMYQxiKBRiXBRjcBBjeBBjgBNgBAUjFKlAAWMYIcAF4AZABAZgBrgGgAZ4LqgEDMC45uAEByAEA-AEBmAILoALHRcICChAjGIAEGCcYigXCAgoQLhiABBhDGIoFwgIOEC4YgAQYsQMYgwEYigXCAhkQLhiABBhDGIoFGJcFGNwEGN4EGOAE2AEBwgILEAAYgAQYsQMYgwHCAg4QLhiABBixAxjRAxjHAcICCBAuGIAEGLEDwgIFEC4YgATCAgoQABiwAxjWBBhHwgINEAAYgAQYsAMYQxiKBcICDhAAGLADGOQCGNYE2AEBwgITEC4YgAQYsAMYQxjIAxiKBdgBAZgDAIgGAZAGEroGBggBEAEYFJIHBzEuOC45LTKgB5husgcHMC44LjktMrgHvkU&sclient=gws-wiz-serp#sie=m;/g/11mckz3qhm;2;/m/04wpb1;dt;fp;1;;;&wptab=si:APYL9bsdvePlUvFpoma5fMvhOQ6bvXM76DvGLQOhfQo6Zp3kxNoH6BKiFU3NUK-DDCMYUl50O50je6Y_pgRm3IpRsSlYbsKls-YEcu9yYUL2YnmVQ4YudYQ4Y_xxEGvPHR77C-QcPNH5WvlitVIR5ZYdbAZVaDz1RTr_jnSkd2VeVGeK6iXvvlQohxm43e1-PWkrFvg0cZtpIT2qAK-RYzeQ10q9PgAGRRYGo5SRau9UeUdPYQcV6wo733LLACL6qxYRSO9pCRsO
